RequestNum,AvgNodesTraversed,FailureRate,AvgExtFragSize
1,1.00,0.00,254.00
2,1.00,0.00,256.00
3,1.00,0.00,254.00
4,1.33,0.00,252.00
5,1.75,0.00,250.00
6,2.20,0.00,247.00
7,2.67,0.00,244.00
8,2.67,0.00,247.00
9,3.00,0.00,245.00
10,3.38,0.00,242.00
11,3.38,0.00,122.00
12,3.56,0.00,242.00
13,3.90,0.00,239.00
14,4.27,0.00,235.00
15,4.67,0.00,232.00
16,4.67,0.00,235.00
17,5.00,0.00,232.00
18,5.36,0.00,231.00
19,5.73,0.00,228.00
20,5.73,0.00,115.00
21,6.12,0.00,113.50
22,6.12,0.00,76.67
23,6.12,0.00,57.75
24,6.12,0.00,58.50
25,6.00,0.00,58.00
26,5.94,0.00,57.50
27,6.05,0.00,57.00
28,6.05,0.00,57.75
29,6.05,0.00,58.25
30,6.05,0.00,47.00
31,6.05,0.00,59.75
32,6.05,0.00,60.25
33,6.05,0.00,60.75
34,6.05,0.00,61.25
35,5.80,0.00,61.00
36,5.62,0.00,60.25
37,5.59,0.00,79.33
38,5.65,0.00,78.00
39,5.65,0.00,79.00
40,5.54,0.00,117.50
41,5.54,0.00,79.33
42,5.56,0.00,117.50
43,5.56,0.00,119.50
44,5.56,0.00,80.33
45,5.62,0.00,79.33
46,5.62,0.00,59.75
47,5.70,0.00,59.00
48,5.64,0.00,78.00
49,5.76,0.00,77.00
50,5.76,0.00,78.00
51,5.60,0.00,77.00
52,5.74,0.00,75.67
53,5.74,0.00,76.67
54,5.59,0.00,75.67
55,5.59,0.00,57.50
56,5.61,0.00,75.67
57,5.82,0.00,74.67
58,6.06,0.00,73.33
59,6.06,0.00,55.75
60,6.06,0.00,56.50
61,5.94,0.00,75.00
62,5.92,0.00,74.67
63,6.08,0.00,73.67
64,6.08,0.00,109.50
65,6.33,0.00,107.50
66,6.33,0.00,72.67
67,6.33,0.00,55.25
68,6.33,0.00,44.80
69,6.33,0.00,37.67
70,6.20,0.00,37.33
71,6.20,0.00,45.40
72,6.20,0.00,57.00
73,6.20,0.00,45.80
74,6.20,0.00,46.20
75,6.07,0.00,45.80
76,5.98,0.00,45.20
77,6.00,0.00,44.40
78,6.04,0.00,43.60
79,6.28,0.00,43.20
80,6.21,0.00,53.75
81,6.21,0.00,43.80
82,6.21,0.00,36.83
83,6.10,0.00,36.67
84,6.10,0.00,31.57
85,6.10,0.00,32.00
86,6.14,0.00,31.71
87,6.32,0.00,36.33
88,6.32,0.00,44.20
89,6.24,0.00,43.80
90,6.24,0.00,37.17
91,6.17,0.00,37.00
92,6.30,0.00,43.60
93,6.54,0.00,43.00
94,6.54,0.00,43.40
95,6.54,0.00,36.83
96,6.54,0.00,44.60
97,6.49,0.00,43.80
98,6.50,0.00,43.20
99,6.67,0.00,42.80
100,6.90,0.00,42.00
101,7.07,0.00,52.00
102,7.07,0.00,42.00
103,7.03,0.00,52.25
104,7.26,0.00,51.25
105,7.50,0.00,50.25
106,7.75,0.00,49.50
107,8.00,0.00,48.75
108,8.26,0.00,47.75
109,8.38,0.00,63.00
110,8.38,0.00,48.25
111,8.48,0.00,63.00
112,8.48,0.00,48.00
113,8.47,0.00,63.67
114,8.62,0.00,63.00
115,8.89,0.00,61.67
116,8.89,0.00,46.75
117,8.89,0.00,38.00
118,8.85,0.00,47.00
119,8.85,0.00,37.80
120,8.85,0.00,31.67
121,8.76,0.00,37.80
122,8.76,0.00,38.60
123,8.96,0.00,38.20
124,9.16,0.00,37.40
125,9.16,0.00,31.33
126,9.16,0.00,31.67
127,9.41,0.00,31.00
128,9.67,0.00,30.33
129,9.67,0.00,30.83
130,9.67,0.00,27.00
131,9.67,0.00,23.88
132,9.57,0.00,23.62
133,9.57,0.00,21.33
134,9.57,0.00,19.60
135,9.57,0.00,20.00
136,9.73,0.00,21.78
137,9.77,0.00,21.56
138,9.77,0.00,21.78
139,9.68,0.00,21.56
140,9.68,0.00,22.00
141,9.68,0.00,20.20
142,9.75,0.00,20.00
143,9.84,0.00,19.80
144,9.84,0.00,18.09
145,9.84,0.00,18.36
146,9.84,0.00,20.60
147,9.84,0.00,23.11
148,9.84,0.00,23.56
149,9.78,0.00,23.33
150,9.74,0.00,23.11
151,9.74,0.00,23.44
152,9.71,0.00,26.00
153,9.71,0.00,26.25
154,9.71,0.00,26.50
155,9.70,0.00,29.71
156,9.70,0.00,30.00
157,9.62,0.00,34.83
158,9.64,0.00,34.50
159,9.66,0.00,34.00
160,9.73,0.00,33.33
161,9.77,0.00,39.60
162,9.77,0.00,33.67
163,9.77,0.00,29.14
164,9.71,0.00,29.00
165,9.71,0.00,29.43
166,9.71,0.00,26.25
167,9.66,0.00,26.12
168,9.66,0.00,23.44
169,9.66,0.00,21.30
170,9.64,0.00,20.90
171,9.64,0.00,23.67
172,9.56,0.00,23.56
173,9.49,0.00,26.38
174,9.49,0.00,30.71
175,9.46,0.00,35.50
176,9.47,0.00,35.00
177,9.48,0.00,34.83
178,9.51,0.00,34.33
179,9.64,0.00,33.83
180,9.78,0.00,33.17
181,9.96,0.00,32.50
182,9.96,0.00,28.14
183,9.99,0.00,28.00
184,10.18,0.00,27.43
185,10.18,0.00,32.33
186,10.18,0.00,27.86
187,10.25,0.00,27.43
188,10.25,0.00,24.12
189,10.25,0.00,24.62
190,10.25,0.00,25.00
191,10.34,0.00,28.14
192,10.26,0.00,32.67
193,10.21,0.00,39.00
194,10.33,0.00,38.20
195,10.33,0.00,39.00
196,10.45,0.00,38.20
197,10.54,0.00,47.25
198,10.54,0.00,38.60
199,10.53,0.00,47.25
200,10.69,0.00,46.25
201,10.69,0.00,47.25
202,10.72,0.00,46.75
203,10.76,0.00,46.50
204,10.93,0.00,45.50
205,10.93,0.00,46.50
206,11.10,0.00,45.75
207,11.14,0.00,45.50
208,11.14,0.00,36.60
209,11.14,0.00,30.67
210,11.32,0.00,30.33
211,11.53,0.00,29.67
212,11.44,0.00,35.40
213,11.44,0.00,30.17
214,11.44,0.00,30.67
215,11.44,0.00,26.57
216,11.44,0.00,27.14
217,11.42,0.00,26.71
218,11.42,0.00,23.50
219,11.39,0.00,26.57
220,11.34,0.00,30.83
221,11.33,0.00,30.50
222,11.53,0.00,29.83
223,11.71,0.00,35.20
224,11.71,0.00,43.50
225,11.91,0.00,43.00
226,11.91,0.00,35.20
227,11.91,0.00,29.50
228,12.09,0.00,29.00
229,12.30,0.00,28.67
230,12.52,0.00,28.00
231,12.74,0.00,27.50
232,12.74,0.00,23.71
233,12.96,0.00,23.29
234,13.19,0.00,22.71
235,13.19,0.00,20.12
236,13.19,0.00,20.38
237,13.19,0.00,18.33
238,13.19,0.00,18.78
239,13.19,0.00,17.20
240,13.23,0.00,18.78
241,13.32,0.00,18.44
242,13.54,0.00,18.00
243,13.54,0.00,18.44
244,13.54,0.00,18.78
245,13.53,0.00,18.44
246,13.46,0.00,20.62
247,13.66,0.00,23.14
248,13.66,0.00,20.50
249,13.66,0.00,18.44
250,13.87,0.00,18.00
251,14.09,0.00,17.56
252,14.09,0.00,17.89
253,14.05,0.00,17.67
254,14.05,0.00,20.12
255,14.01,0.00,20.00
256,13.99,0.00,19.75
257,13.99,0.00,17.89
258,13.99,0.00,18.33
259,13.97,0.00,18.11
260,14.09,0.00,20.00
261,14.31,0.00,19.50
262,14.31,0.00,17.67
263,14.29,0.00,19.62
264,14.29,0.00,17.56
265,14.34,0.00,17.33
266,14.41,0.00,19.25
267,14.41,0.00,19.62
268,14.49,0.00,19.25
269,14.49,0.00,17.44
270,14.49,0.00,17.67
271,14.49,0.00,16.10
272,14.66,0.00,17.44
273,14.66,0.00,17.56
274,14.62,0.00,19.50
275,14.62,0.00,20.00
276,14.78,0.00,22.43
277,14.78,0.00,19.75
278,14.78,0.00,20.12
279,14.80,0.00,22.71
280,14.80,0.00,20.00
281,14.84,0.00,19.62
282,14.84,0.00,20.00
283,14.84,0.00,18.22
284,14.82,0.00,20.00
285,14.97,0.00,19.62
286,14.88,0.00,22.29
287,14.88,0.00,22.86
288,14.88,0.00,20.38
289,14.88,0.00,20.62
290,14.88,0.00,20.88
291,14.85,0.00,23.43
292,14.85,0.00,20.88
293,14.79,0.00,23.71
294,14.90,0.00,23.14
295,15.05,0.00,26.50
296,15.05,0.00,23.29
297,15.05,0.00,20.62
298,15.05,0.00,18.56
299,15.02,0.00,18.44
300,15.02,0.00,18.78
301,14.99,0.00,21.00
302,15.04,0.00,23.71
303,15.04,0.00,21.25
304,15.12,0.00,23.71
305,15.22,0.00,23.29
306,15.28,0.00,26.83
307,15.42,0.00,26.33
308,15.59,0.00,25.83
309,15.77,0.00,25.17
310,15.77,0.00,25.67
311,15.85,0.00,25.33
312,16.03,0.00,24.67
313,16.03,0.00,21.57
314,16.03,0.00,22.14
315,16.03,0.00,22.71
316,16.03,0.00,23.29
317,16.03,0.00,26.67
318,16.03,0.00,23.43
319,16.15,0.00,22.86
320,16.15,0.00,27.17
321,16.15,0.00,23.57
322,16.15,0.00,24.00
323,16.27,0.00,23.43
324,16.27,0.00,20.75
325,16.27,0.00,21.12
326,16.27,0.00,19.11
327,16.28,0.00,21.12
328,16.36,0.00,20.62
329,16.36,0.00,18.78
330,16.43,0.00,18.44
331,16.38,0.00,20.50
332,16.38,0.00,18.44
333,16.38,0.00,16.80
334,16.39,0.00,16.70
335,16.53,0.00,16.30
336,16.57,0.00,17.89
337,16.71,0.00,17.56
338,16.86,0.00,19.25
339,17.02,0.00,18.75
340,17.08,0.00,21.14
341,17.25,0.00,20.86
342,17.25,0.00,18.50
343,17.25,0.00,18.75
344,17.33,0.00,21.14
345,17.49,0.00,20.71
346,17.49,0.00,18.62
347,17.62,0.00,18.25
348,17.62,0.00,16.33
349,17.62,0.00,15.10
350,17.62,0.00,13.82
351,17.76,0.00,14.80
352,17.76,0.00,13.73
353,17.76,0.00,13.55
354,17.76,0.00,13.82
355,17.76,0.00,13.00
356,17.88,0.00,12.83
357,17.88,0.00,13.08
358,17.95,0.00,12.92
359,18.02,0.00,13.91
360,18.02,0.00,14.09
361,18.02,0.00,15.60
362,17.96,0.00,15.40
363,17.97,0.00,16.78
364,18.11,0.00,16.44
365,18.22,0.00,18.25
366,18.22,0.00,16.44
367,18.38,0.00,16.11
368,18.54,0.00,15.78
369,18.54,0.00,16.11
370,18.54,0.00,14.80
371,18.49,0.00,16.33
372,18.49,0.00,14.90
373,18.48,0.00,16.22
374,18.44,0.00,18.12
375,18.44,0.00,16.33
376,18.58,0.00,17.88
377,18.58,0.00,18.25
378,18.69,0.00,17.88
379,18.69,0.00,18.25
380,18.77,0.00,17.88
381,18.74,0.00,20.14
382,18.90,0.00,19.71
383,19.06,0.00,19.29
384,19.22,0.00,18.86
385,19.23,0.00,21.83
386,19.23,0.00,22.50
387,19.26,0.00,26.60
388,19.31,0.00,26.40
389,19.39,0.00,26.00
390,19.44,0.00,32.25
391,19.60,0.00,31.25
392,19.60,0.00,32.25
393,19.60,0.00,26.60
394,19.57,0.00,26.00
395,19.57,0.00,22.33
396,19.57,0.00,19.43
397,19.57,0.00,20.00
398,19.63,0.00,22.67
399,19.63,0.00,20.00
400,19.70,0.00,19.43
401,19.68,0.00,22.50
402,19.77,0.00,21.83
403,19.86,0.00,25.60
404,19.86,0.00,21.67
405,19.85,0.00,25.60
406,19.97,0.00,25.00
407,20.14,0.00,24.20
408,20.31,0.00,23.40
409,20.35,0.00,28.75
410,20.52,0.00,28.25
411,20.52,0.00,23.00
412,20.52,0.00,19.33
413,20.62,0.00,22.80
414,20.79,0.00,22.00
415,20.79,0.00,22.80
416,20.79,0.00,19.67
417,20.75,0.00,23.40
418,20.75,0.00,19.83
419,20.75,0.00,20.33
420,20.74,0.00,20.17
421,20.74,0.00,17.57
422,20.75,0.00,19.83
423,20.75,0.00,17.57
424,20.75,0.00,15.75
425,20.75,0.00,17.57
426,20.75,0.00,15.62
427,20.76,0.00,17.29
428,20.73,0.00,17.14
429,20.86,0.00,16.71
430,20.86,0.00,15.00
431,20.86,0.00,15.50
432,20.86,0.00,15.88
433,20.86,0.00,14.22
434,20.85,0.00,13.89
435,20.96,0.00,13.44
436,20.97,0.00,13.22
437,21.10,0.00,12.78
438,21.28,0.00,12.44
439,21.47,0.00,12.11
440,21.47,0.00,11.00
441,21.40,0.00,12.11
442,21.59,0.00,11.78
443,21.59,0.00,10.80
444,21.77,0.00,10.50
445,21.96,0.00,10.10
446,21.96,0.00,9.45
447,21.93,0.00,10.30
448,21.93,0.00,9.55
449,22.08,0.00,10.20
450,22.27,0.00,9.90
451,22.27,0.00,10.20
452,22.30,0.00,11.11
453,22.30,0.00,11.56
454,22.41,0.00,11.11
455,22.46,0.00,12.25
456,22.57,0.00,11.88
457,22.57,0.00,12.25
458,22.57,0.00,11.11
459,22.57,0.00,10.20
460,22.57,0.00,9.64
461,22.51,0.00,10.40
462,22.51,0.00,9.55
463,22.50,0.00,9.27
464,22.55,0.00,9.80
465,22.48,0.00,10.78
466,22.67,0.00,10.44
467,22.67,0.00,10.78
468,22.67,0.00,10.00
469,22.76,0.00,10.89
470,22.86,0.00,10.67
471,22.99,0.00,11.62
472,22.99,0.00,10.44
473,22.99,0.00,10.67
474,22.99,0.00,9.90
475,23.17,0.00,9.50
476,23.15,0.00,10.22
477,23.25,0.00,11.25
478,23.25,0.00,10.33
479,23.25,0.00,9.60
480,23.25,0.00,9.90
481,23.25,0.00,9.18
482,23.25,0.00,8.67
483,23.27,0.00,8.50
484,23.27,0.00,8.08
485,23.27,0.00,7.64
486,23.27,0.00,7.27
487,23.36,0.00,7.07
488,23.36,0.00,7.13
489,23.28,0.00,7.50
490,23.28,0.00,7.64
491,23.28,0.00,7.20
492,23.28,0.00,7.40
493,23.30,0.00,7.71
494,23.24,0.00,7.64
495,23.32,0.00,8.00
496,23.32,0.00,7.50
497,23.32,0.00,7.64
498,23.32,0.00,7.20
499,23.32,0.00,7.47
500,23.32,0.00,7.19
501,23.37,0.00,6.94
502,23.37,0.00,6.65
503,23.49,0.00,6.41
504,23.49,0.00,6.11
505,23.49,0.00,6.22
506,23.49,0.00,6.41
507,23.42,0.00,6.69
508,23.48,0.00,7.00
509,23.54,0.00,6.80
510,23.49,0.00,7.21
511,23.66,0.00,6.93
512,23.78,0.00,7.31
513,23.78,0.00,7.62
514,23.91,0.00,7.46
515,23.86,0.00,8.00
516,23.99,0.00,7.83
517,24.14,0.00,8.27
518,24.29,0.00,8.80
519,24.42,0.00,9.56
520,24.38,0.00,10.62
521,24.55,0.00,10.12
522,24.55,0.00,9.44
523,24.62,0.00,10.12
524,24.78,0.00,11.14
525,24.78,0.00,11.57
526,24.75,0.00,11.29
527,24.92,0.00,10.86
528,25.09,0.00,10.43
529,25.09,0.00,9.38
530,25.26,0.00,9.00
531,25.26,0.00,10.71
532,25.23,0.00,12.17
533,25.27,0.00,11.50
534,25.27,0.00,10.14
535,25.45,0.00,9.71
536,25.45,0.00,9.00
537,25.45,0.00,9.25
538,25.48,0.00,10.00
539,25.48,0.00,9.25
540,25.46,0.00,10.14
541,25.46,0.00,9.12
542,25.58,0.00,8.75
543,25.58,0.00,8.11
544,25.58,0.00,8.33
545,25.74,0.00,7.89
546,25.74,0.00,7.78
547,25.74,0.00,8.62
548,25.75,0.00,8.50
549,25.75,0.00,7.89
550,25.92,0.00,7.44
551,25.90,0.00,7.33
552,25.90,0.00,6.90
553,26.08,0.00,6.50
554,26.08,0.00,6.00
555,26.08,0.00,5.58
556,26.08,0.00,5.83
557,26.10,0.00,6.09
558,26.10,0.00,5.92
559,26.16,0.00,5.67
560,26.16,0.00,5.31
561,26.16,0.00,5.14
562,26.16,0.00,5.29
563,26.16,0.00,5.00
564,26.17,0.00,5.07
565,26.17,0.00,4.93
566,26.17,0.00,4.75
567,26.15,0.00,4.93
568,26.15,0.00,5.13
569,26.15,0.00,5.33
570,26.15,0.00,5.93
571,26.19,0.00,6.15
572,26.24,0.00,6.50
573,26.24,0.00,6.23
574,26.24,0.00,6.46
575,26.30,0.00,6.15
576,26.30,0.00,6.38
577,26.38,0.00,6.58
578,26.38,0.00,6.15
579,26.38,0.00,6.38
580,26.49,0.00,6.08
581,26.49,0.00,6.38
582,26.49,0.00,6.14
583,26.49,0.00,6.21
584,26.47,0.00,6.00
585,26.47,0.00,5.80
586,26.58,0.00,5.53
587,26.58,0.00,5.44
588,26.58,0.00,5.62
589,26.58,0.00,5.88
590,26.62,0.00,5.75
591,26.68,0.00,5.62
592,26.79,0.00,5.73
593,26.91,0.00,5.47
594,26.91,0.00,5.31
595,26.91,0.00,5.12
596,26.91,0.00,5.35
597,26.83,0.00,5.56
598,26.95,0.00,5.31
599,27.07,0.00,5.40
600,27.07,0.00,5.12
601,27.07,0.00,4.94
602,27.04,0.00,5.12
603,27.04,0.00,5.38
604,27.17,0.00,5.12
605,27.17,0.00,4.94
606,27.17,0.00,4.89
607,27.17,0.00,5.41
608,27.20,0.00,5.50
609,27.33,0.00,5.25
610,27.33,0.00,5.06
611,27.33,0.00,5.24
612,27.38,0.00,5.06
613,27.40,0.00,5.25
614,27.32,0.00,5.53
615,27.40,0.00,5.71
616,27.40,0.00,6.00
617,27.46,0.00,5.71
618,27.46,0.00,6.23
619,27.46,0.00,6.38
620,27.46,0.00,6.21
621,27.40,0.00,6.07
622,27.37,0.00,5.93
623,27.37,0.00,5.80
624,27.39,0.00,5.67
625,27.39,0.00,5.50
626,27.39,0.00,5.29
627,27.36,0.00,5.50
628,27.36,0.00,5.62
629,27.36,0.00,5.88
630,27.36,0.00,6.06
631,27.36,0.00,6.19
632,27.36,0.00,6.44
633,27.30,0.00,6.80
634,27.30,0.00,6.53
635,27.30,0.00,6.40
636,27.32,0.00,6.57
637,27.32,0.00,6.40
638,27.33,0.00,6.64
639,27.33,0.00,6.27
640,27.36,0.00,6.07
641,27.36,0.00,6.20
642,27.39,0.00,6.43
643,27.39,0.00,6.13
644,27.39,0.00,6.00
645,27.36,0.00,6.27
646,27.36,0.00,6.12
647,27.36,0.00,5.94
648,27.36,0.00,5.83
649,27.36,0.00,5.63
650,27.36,0.00,5.74
651,27.29,0.00,5.94
652,27.30,0.00,6.12
653,27.32,0.00,6.00
654,27.27,0.00,6.31
655,27.27,0.00,6.12
656,27.27,0.00,6.29
657,27.27,0.00,6.41
658,27.24,0.00,6.29
659,27.24,0.00,6.41
660,27.22,0.00,6.56
661,27.17,0.00,6.93
662,27.20,0.00,7.14
663,27.20,0.00,6.80
664,27.20,0.00,7.00
665,27.24,0.00,6.73
666,27.24,0.00,6.44
667,27.24,0.00,6.29
668,27.22,0.00,6.12
669,27.26,0.00,5.94
670,27.26,0.00,5.67
671,27.30,0.00,5.76
672,27.30,0.00,6.00
673,27.30,0.00,5.72
674,27.30,0.00,5.58
675,27.30,0.00,5.79
676,27.38,0.00,5.58
677,27.38,0.00,5.35
678,27.31,0.00,5.58
679,27.31,0.00,5.79
680,27.31,0.00,5.70
681,27.24,0.00,5.89
682,27.24,0.00,5.80
683,27.18,0.00,6.00
684,27.14,0.00,6.28
685,27.14,0.00,6.50
686,27.14,0.00,6.65
687,27.16,0.00,6.81
688,27.21,0.00,6.56
689,27.23,0.00,6.87
690,27.26,0.00,6.73
691,27.31,0.00,7.07
692,27.31,0.00,6.87
693,27.31,0.00,6.56
694,27.31,0.00,6.24
695,27.31,0.00,6.47
696,27.31,0.00,6.35
697,27.31,0.00,6.17
698,27.31,0.00,6.76
699,27.31,0.00,6.50
700,27.28,0.00,6.71
701,27.32,0.00,6.47
702,27.32,0.00,6.17
703,27.32,0.00,5.95
704,27.41,0.00,6.06
705,27.50,0.00,5.83
706,27.50,0.00,6.06
707,27.57,0.00,6.25
708,27.66,0.00,6.06
709,27.66,0.00,5.82
710,27.66,0.00,5.67
711,27.66,0.00,5.78
712,27.66,0.00,5.68
713,27.66,0.00,5.74
714,27.63,0.00,6.00
715,27.63,0.00,5.84
716,27.63,0.00,5.75
717,27.64,0.00,5.84
718,27.64,0.00,6.39
719,27.61,0.00,6.59
720,27.61,0.00,6.44
721,27.61,0.00,6.32
722,27.63,0.00,6.16
723,27.62,0.00,6.39
724,27.62,0.00,6.65
725,27.65,0.00,6.47
726,27.65,0.00,6.33
727,27.65,0.00,6.94
728,27.68,0.00,6.76
729,27.68,0.00,6.94
730,27.72,0.00,6.82
731,27.72,0.00,6.50
732,27.72,0.00,6.26
733,27.66,0.00,6.56
734,27.70,0.00,6.82
735,27.74,0.00,6.71
736,27.74,0.00,6.88
737,27.72,0.00,7.06
738,27.78,0.00,7.27
739,27.78,0.00,7.47
740,27.79,0.00,7.33
741,27.79,0.00,7.00
742,27.77,0.00,7.40
743,27.77,0.00,7.79
744,27.84,0.00,7.57
745,27.84,0.00,7.86
746,27.91,0.00,8.15
747,27.91,0.00,7.71
748,27.99,0.00,7.43
749,27.99,0.00,7.07
750,27.99,0.00,6.69
751,28.08,0.00,6.50
752,28.08,0.00,6.18
753,28.08,0.00,5.94
754,28.03,0.00,6.18
755,28.03,0.00,6.35
756,28.03,0.00,6.47
757,28.00,0.00,6.75
758,27.99,0.00,6.93
759,27.99,0.00,7.00
760,27.95,0.00,7.36
761,27.95,0.00,7.77
762,28.00,0.00,7.54
763,28.00,0.00,7.21
764,28.00,0.00,6.93
765,27.93,0.00,7.36
766,27.89,0.00,7.69
767,27.88,0.00,7.54
768,27.88,0.00,7.29
769,27.88,0.00,7.77
770,27.88,0.00,7.36
771,27.85,0.00,7.29
772,27.85,0.00,7.43
773,27.85,0.00,7.20
774,27.84,0.00,7.43
775,27.84,0.00,7.13
776,27.82,0.00,7.57
777,27.82,0.00,7.13
778,27.82,0.00,7.93
779,27.86,0.00,7.79
780,27.90,0.00,7.64
781,27.90,0.00,8.46
782,27.90,0.00,7.93
783,27.90,0.00,7.47
784,27.95,0.00,7.27
785,28.00,0.00,7.13
786,28.00,0.00,7.40
787,27.93,0.00,7.86
788,27.88,0.00,8.38
789,27.83,0.00,9.00
790,27.89,0.00,8.83
791,27.96,0.00,8.58
792,28.02,0.00,9.18
793,28.09,0.00,9.00
794,28.19,0.00,8.73
795,28.19,0.00,8.17
796,28.29,0.00,7.92
797,28.29,0.00,7.46
798,28.29,0.00,7.21
799,28.29,0.00,6.80
800,28.24,0.00,7.21
801,28.22,0.00,7.14
802,28.32,0.00,6.86
803,28.30,0.00,6.79
804,28.41,0.00,6.50
805,28.41,0.00,6.33
806,28.43,0.00,6.13
807,28.43,0.00,6.00
808,28.43,0.00,6.12
809,28.43,0.00,6.31
810,28.43,0.00,6.38
811,28.41,0.00,6.25
812,28.43,0.00,6.12
813,28.48,0.00,6.27
814,28.55,0.00,6.00
815,28.55,0.00,5.69
816,28.55,0.00,5.47
817,28.55,0.00,5.28
818,28.55,0.00,5.16
819,28.49,0.00,5.33
820,28.49,0.00,5.53
821,28.49,0.00,5.33
822,28.49,0.00,5.44
823,28.51,0.00,5.53
824,28.51,0.00,5.75
825,28.59,0.00,6.00
826,28.59,0.00,5.75
827,28.59,0.00,5.94
828,28.56,0.00,5.88
829,28.53,0.00,5.75
830,28.64,0.00,5.50
831,28.61,0.00,5.73
832,28.60,0.00,6.07
833,28.60,0.00,6.29
834,28.60,0.00,6.50
835,28.60,0.00,6.71
836,28.60,0.00,6.47
837,28.60,0.00,6.73
838,28.59,0.00,6.60
839,28.59,0.00,6.31
840,28.59,0.00,6.44
841,28.59,0.00,6.69
842,28.58,0.00,6.62
843,28.58,0.00,6.35
844,28.54,0.00,6.62
845,28.56,0.00,6.87
846,28.56,0.00,7.13
847,28.58,0.00,7.36
848,28.61,0.00,7.14
849,28.61,0.00,6.93
850,28.63,0.00,6.73
851,28.63,0.00,6.80
852,28.63,0.00,6.50
853,28.63,0.00,6.24
854,28.58,0.00,6.50
855,28.58,0.00,6.75
856,28.58,0.00,6.47
857,28.58,0.00,6.71
858,28.58,0.00,6.94
859,28.56,0.00,7.25
860,28.55,0.00,7.19
861,28.55,0.00,7.06
862,28.60,0.00,6.81
863,28.60,0.00,7.06
864,28.60,0.00,7.25
865,28.60,0.00,6.88
866,28.60,0.00,6.67
867,28.60,0.00,6.37
868,28.60,0.00,6.56
869,28.54,0.00,6.88
870,28.54,0.00,7.00
871,28.54,0.00,6.67
872,28.49,0.00,6.61
873,28.49,0.00,6.37
874,28.49,0.00,6.58
875,28.44,0.00,6.83
876,28.40,0.00,7.12
877,28.40,0.00,7.75
878,28.40,0.00,7.35
879,28.40,0.00,7.00
880,28.40,0.00,6.74
881,28.47,0.00,6.53
882,28.47,0.00,6.74
883,28.42,0.00,7.06
884,28.42,0.00,6.79
885,28.44,0.00,7.00
886,28.44,0.00,6.74
887,28.48,0.00,6.94
888,28.48,0.00,7.17
889,28.44,0.00,7.47
890,28.44,0.00,7.17
891,28.44,0.00,6.95
892,28.44,0.00,6.70
893,28.38,0.00,6.95
894,28.38,0.00,7.11
895,28.41,0.00,6.89
896,28.36,0.00,7.11
897,28.33,0.00,7.41
898,28.30,0.00,7.75
899,28.35,0.00,7.50
900,28.35,0.00,7.69
901,28.33,0.00,8.13
902,28.33,0.00,7.69
903,28.29,0.00,8.13
904,28.32,0.00,8.43
905,28.30,0.00,9.00
906,28.30,0.00,8.57
907,28.30,0.00,9.08
908,28.32,0.00,9.58
909,28.32,0.00,9.83
910,28.33,0.00,9.75
911,28.36,0.00,9.50
912,28.40,0.00,10.18
913,28.45,0.00,10.80
914,28.52,0.00,10.60
915,28.59,0.00,10.30
916,28.66,0.00,9.90
917,28.74,0.00,9.70
918,28.82,0.00,9.40
919,28.90,0.00,9.20
920,28.90,0.00,9.60
921,28.90,0.00,9.09
922,28.90,0.00,10.40
923,28.90,0.00,9.73
924,28.93,0.00,9.45
925,28.96,0.00,9.27
926,29.04,0.00,9.09
927,29.11,0.00,8.91
928,29.21,0.00,8.55
929,29.21,0.00,8.08
930,29.21,0.00,7.54
931,29.21,0.00,7.69
932,29.22,0.00,7.54
933,29.22,0.00,7.14
934,29.24,0.00,7.46
935,29.33,0.00,7.15
936,29.33,0.00,6.86
937,29.33,0.00,6.67
938,29.33,0.00,6.93
939,29.33,0.00,7.13
940,29.32,0.00,7.36
941,29.41,0.00,7.07
942,29.41,0.00,6.73
943,29.41,0.00,6.87
944,29.39,0.00,7.21
945,29.39,0.00,6.80
946,29.39,0.00,7.07
947,29.39,0.00,6.75
948,29.39,0.00,6.53
949,29.38,0.00,6.41
950,29.37,0.00,6.75
951,29.37,0.00,6.47
952,29.37,0.00,6.22
953,29.37,0.00,6.00
954,29.37,0.00,6.11
955,29.33,0.00,6.33
956,29.33,0.00,6.39
957,29.33,0.00,6.53
958,29.33,0.00,6.76
959,29.33,0.00,6.88
960,29.33,0.00,7.00
961,29.33,0.00,6.94
962,29.33,0.00,6.61
963,29.34,0.00,6.82
964,29.34,0.00,7.44
965,29.34,0.00,7.18
966,29.34,0.00,6.83
967,29.34,0.00,7.35
968,29.34,0.00,7.94
969,29.36,0.00,7.69
970,29.36,0.00,7.94
971,29.36,0.00,8.19
972,29.36,0.00,7.82
973,29.37,0.00,8.12
974,29.37,0.00,7.71
975,29.37,0.00,8.38
976,29.37,0.00,7.94
977,29.37,0.00,8.62
978,29.40,0.00,8.44
979,29.40,0.00,8.00
980,29.40,0.00,8.38
981,29.40,0.00,8.06
982,29.40,0.00,8.29
983,29.40,0.00,8.00
984,29.40,0.00,8.17
985,29.35,0.00,8.59
986,29.35,0.00,8.17
987,29.36,0.00,7.94
988,29.37,0.00,7.72
989,29.37,0.00,7.94
990,29.37,0.00,8.53
991,29.36,0.00,8.29
992,29.38,0.00,8.06
993,29.38,0.00,8.24
994,29.38,0.00,8.41
995,29.35,0.00,8.24
996,29.35,0.00,8.47
997,29.35,0.00,8.17
998,29.35,0.00,7.89
999,29.35,0.00,8.11
1000,29.37,0.00,8.39
1001,29.39,0.00,8.17
1002,29.39,0.00,8.28
1003,29.37,0.00,8.59
1004,29.38,0.00,8.47
1005,29.41,0.00,8.35
1006,29.41,0.00,8.47
1007,29.44,0.00,8.24
1008,29.44,0.00,8.29
1009,29.44,0.00,7.89
1010,29.42,0.00,7.78
1011,29.41,0.00,8.12
1012,29.41,0.00,8.24
1013,29.38,0.00,8.56
1014,29.41,0.00,9.00
1015,29.44,0.00,8.87
1016,29.48,0.00,8.67
1017,29.48,0.00,8.25
1018,29.51,0.00,8.67
1019,29.51,0.00,8.38
1020,29.53,0.00,8.25
1021,29.53,0.00,8.38
1022,29.53,0.00,8.50
1023,29.54,0.00,8.87
1024,29.54,0.00,8.56
1025,29.55,0.00,8.87
1026,29.55,0.00,8.44
1027,29.54,0.00,8.87
1028,29.57,0.00,8.67
1029,29.62,0.00,8.40
1030,29.62,0.00,8.06
1031,29.63,0.00,7.94
1032,29.63,0.00,7.53
1033,29.59,0.00,7.94
1034,29.59,0.00,8.06
1035,29.59,0.00,7.65
1036,29.59,0.00,7.33
1037,29.59,0.00,7.05
1038,29.65,0.00,6.84
1039,29.65,0.00,7.44
1040,29.65,0.00,7.56
1041,29.65,0.00,7.67
1042,29.60,0.00,8.00
1043,29.60,0.00,8.06
1044,29.60,0.00,8.24
1045,29.57,0.00,8.06
1046,29.57,0.00,8.18
1047,29.52,0.00,8.62
1048,29.49,0.00,9.07
1049,29.49,0.00,8.87
1050,29.49,0.00,8.38
1051,29.53,0.00,8.12
1052,29.53,0.00,8.31
1053,29.53,0.00,8.44
1054,29.53,0.00,9.13
1055,29.53,0.00,10.07
1056,29.49,0.00,9.93
1057,29.49,0.00,11.00
1058,29.49,0.00,11.08
1059,29.49,0.00,11.23
1060,29.46,0.00,11.00
1061,29.43,0.00,11.75
1062,29.43,0.00,11.08
1063,29.40,0.00,10.92
1064,29.40,0.00,10.29
1065,29.40,0.00,9.73
1066,29.40,0.00,9.93
1067,29.36,0.00,10.50
1068,29.34,0.00,10.29
1069,29.34,0.00,9.67
1070,29.32,0.00,10.14
1071,29.32,0.00,10.36
1072,29.31,0.00,11.00
1073,29.31,0.00,12.25
1074,29.32,0.00,12.00
1075,29.32,0.00,11.38
1076,29.33,0.00,12.00
1077,29.33,0.00,12.25
1078,29.33,0.00,11.62
1079,29.30,0.00,11.38
1080,29.31,0.00,11.15
1081,29.34,0.00,11.00
1082,29.34,0.00,11.23
1083,29.34,0.00,11.38
1084,29.34,0.00,10.71
1085,29.30,0.00,11.23
1086,29.30,0.00,11.54
1087,29.30,0.00,11.77
1088,29.30,0.00,11.14
1089,29.26,0.00,11.00
1090,29.23,0.00,10.93
1091,29.23,0.00,11.07
1092,29.23,0.00,10.47
1093,29.18,0.00,11.07
1094,29.18,0.00,11.29
1095,29.18,0.00,10.73
1096,29.18,0.00,10.19
1097,29.17,0.00,10.06
1098,29.15,0.00,9.94
1099,29.15,0.00,10.73
1100,29.15,0.00,10.87
1101,29.15,0.00,10.31
1102,29.12,0.00,10.73
1103,29.09,0.00,11.36
1104,29.09,0.00,10.67
1105,29.09,0.00,10.19
1106,29.09,0.00,11.07
1107,29.07,0.00,11.64
1108,29.07,0.00,12.85
1109,29.07,0.00,13.00
1110,29.05,0.00,13.83
1111,29.05,0.00,14.00
1112,29.03,0.00,13.83
1113,29.03,0.00,13.08
1114,29.03,0.00,13.83
1115,29.04,0.00,14.73
1116,29.04,0.00,13.83
1117,29.04,0.00,12.92
1118,29.04,0.00,13.23
1119,29.04,0.00,12.43
1120,29.04,0.00,13.08
1121,29.04,0.00,13.31
1122,29.04,0.00,13.38
1123,29.04,0.00,14.67
1124,29.04,0.00,13.85
1125,29.02,0.00,13.54
1126,29.02,0.00,13.77
1127,29.02,0.00,14.00
1128,29.02,0.00,13.21
1129,28.98,0.00,14.00
1130,28.98,0.00,14.15
1131,28.94,0.00,13.92
1132,28.92,0.00,14.83
1133,28.92,0.00,16.36
1134,28.89,0.00,17.80
1135,28.89,0.00,16.45
1136,28.85,0.00,17.80
1137,28.85,0.00,18.20
1138,28.82,0.00,17.90
1139,28.80,0.00,17.60
1140,28.77,0.00,19.33
1141,28.76,0.00,19.00
1142,28.75,0.00,20.88
1143,28.75,0.00,18.78
1144,28.75,0.00,21.62
1145,28.76,0.00,24.14
1146,28.74,0.00,27.67
1147,28.75,0.00,27.00
1148,28.75,0.00,23.43
1149,28.71,0.00,27.00
1150,28.68,0.00,32.00
1151,28.68,0.00,31.60
1152,28.68,0.00,32.00
1153,28.68,0.00,27.33
1154,28.67,0.00,27.00
1155,28.69,0.00,26.50
1156,28.69,0.00,23.14
1157,28.67,0.00,26.50
1158,28.69,0.00,26.00
1159,28.69,0.00,22.86
1160,28.69,0.00,26.00
1161,28.71,0.00,25.50
1162,28.71,0.00,22.43
1163,28.71,0.00,20.00
1164,28.67,0.00,19.62
1165,28.67,0.00,17.56
1166,28.67,0.00,16.10
1167,28.67,0.00,14.82
1168,28.67,0.00,13.83
1169,28.67,0.00,13.08
1170,28.67,0.00,12.36
1171,28.63,0.00,13.08
1172,28.61,0.00,13.92
1173,28.61,0.00,14.17
1174,28.61,0.00,15.09
1175,28.61,0.00,14.08
1176,28.61,0.00,15.64
1177,28.58,0.00,15.45
1178,28.58,0.00,15.09
1179,28.55,0.00,16.40
1180,28.57,0.00,16.00
1181,28.56,0.00,17.44
1182,28.56,0.00,17.78
1183,28.56,0.00,19.75
1184,28.56,0.00,19.50
1185,28.56,0.00,19.88
1186,28.52,0.00,22.57
1187,28.54,0.00,22.00
1188,28.54,0.00,19.38
1189,28.56,0.00,19.00
1190,28.56,0.00,17.33
1191,28.51,0.00,19.38
1192,28.51,0.00,19.75
1193,28.48,0.00,22.00
1194,28.48,0.00,25.00
1195,28.45,0.00,29.80
1196,28.45,0.00,36.75
1197,28.45,0.00,30.00
1198,28.45,0.00,38.50
1199,28.47,0.00,37.50
1200,28.47,0.00,30.40
1201,28.43,0.00,37.50
1202,28.43,0.00,30.40
1203,28.42,0.00,37.25
1204,28.42,0.00,38.25
1205,28.43,0.00,37.25
1206,28.41,0.00,49.00
1207,28.44,0.00,48.00
1208,28.45,0.00,71.00
1209,28.45,0.00,48.00
1210,28.47,0.00,47.00
1211,28.45,0.00,69.50
1212,28.47,0.00,137.00
1213,28.47,0.00,69.50
1214,28.47,0.00,47.00
1215,28.49,0.00,45.67
1216,28.49,0.00,35.25
1217,28.47,0.00,46.33
1218,28.47,0.00,47.33
1219,28.47,0.00,36.00
1220,28.47,0.00,29.00
1221,28.47,0.00,24.50
1222,28.47,0.00,21.43
1223,28.43,0.00,24.50
1224,28.43,0.00,21.29
1225,28.43,0.00,19.00
1226,28.39,0.00,18.75
1227,28.39,0.00,17.00
1228,28.37,0.00,16.78
1229,28.33,0.00,18.75
1230,28.31,0.00,18.38
1231,28.28,0.00,20.86
1232,28.27,0.00,20.43
1233,28.27,0.00,18.25
1234,28.30,0.00,20.43
1235,28.33,0.00,20.00
1236,28.33,0.00,17.75
1237,28.33,0.00,16.00
1238,28.33,0.00,14.80
1239,28.32,0.00,16.00
1240,28.32,0.00,16.11
1241,28.36,0.00,15.67
1242,28.32,0.00,17.25
1243,28.35,0.00,16.88
1244,28.35,0.00,15.11
1245,28.31,0.00,16.88
1246,28.31,0.00,15.22
1247,28.35,0.00,14.78
1248,28.32,0.00,16.50
1249,28.32,0.00,16.75
1250,28.32,0.00,15.00
1251,28.32,0.00,15.22
1252,28.32,0.00,15.67
1253,28.31,0.00,15.33
1254,28.31,0.00,15.56
1255,28.31,0.00,17.00
1256,28.31,0.00,17.38
1257,28.31,0.00,15.89
1258,28.27,0.00,17.75
1259,28.27,0.00,16.11
1260,28.25,0.00,17.88
1261,28.25,0.00,16.33
1262,28.21,0.00,17.88
1263,28.20,0.00,17.62
1264,28.20,0.00,15.89
1265,28.20,0.00,14.70
1266,28.20,0.00,13.55
1267,28.20,0.00,13.27
1268,28.20,0.00,13.64
1269,28.20,0.00,13.27
1270,28.20,0.00,12.25
1271,28.20,0.00,12.58
1272,28.20,0.00,11.92
1273,28.20,0.00,11.29
1274,28.20,0.00,10.67
1275,28.20,0.00,10.87
1276,28.20,0.00,11.00
1277,28.20,0.00,11.93
1278,28.17,0.00,11.64
1279,28.17,0.00,11.36
1280,28.14,0.00,12.00
1281,28.11,0.00,12.75
1282,28.07,0.00,13.73
1283,28.07,0.00,12.92
1284,28.07,0.00,12.67
1285,28.07,0.00,12.42
1286,28.07,0.00,12.75
1287,28.09,0.00,12.42
1288,28.09,0.00,11.62
1289,28.09,0.00,10.86
1290,28.09,0.00,10.40
1291,28.09,0.00,10.60
1292,28.09,0.00,10.12
1293,28.06,0.00,10.60
1294,28.06,0.00,10.06
1295,28.06,0.00,9.65
1296,28.02,0.00,10.12
1297,28.02,0.00,10.31
1298,28.02,0.00,9.88
1299,28.00,0.00,10.25
1300,28.00,0.00,9.82
1301,28.00,0.00,10.69
1302,28.00,0.00,11.53
1303,28.00,0.00,11.80
1304,28.00,0.00,11.93
1305,28.00,0.00,11.38
1306,28.00,0.00,11.56
1307,28.00,0.00,11.12
1308,27.96,0.00,11.00
1309,27.96,0.00,10.50
1310,27.96,0.00,11.29
1311,27.93,0.00,11.06
1312,27.90,0.00,10.82
1313,27.90,0.00,10.94
1314,27.86,0.00,10.76
1315,27.86,0.00,11.00
1316,27.86,0.00,11.24
1317,27.83,0.00,11.06
1318,27.83,0.00,11.94
1319,27.79,0.00,12.60
1320,27.76,0.00,13.36
1321,27.76,0.00,13.64
1322,27.73,0.00,14.62
1323,27.73,0.00,14.77
1324,27.73,0.00,15.08
1325,27.70,0.00,16.08
1326,27.70,0.00,17.73
1327,27.70,0.00,16.42
1328,27.70,0.00,16.50
1329,27.67,0.00,17.82
1330,27.67,0.00,16.42
1331,27.67,0.00,18.18
1332,27.63,0.00,19.90
1333,27.63,0.00,22.33
1334,27.63,0.00,25.50
1335,27.61,0.00,25.12
1336,27.61,0.00,22.78
1337,27.58,0.00,22.44
1338,27.56,0.00,22.22
1339,27.56,0.00,20.40
1340,27.56,0.00,23.00
1341,27.53,0.00,25.38
1342,27.53,0.00,22.89
1343,27.53,0.00,21.00
1344,27.53,0.00,23.67
1345,27.53,0.00,24.11
1346,27.53,0.00,24.44
1347,27.49,0.00,24.22
1348,27.46,0.00,24.00
1349,27.44,0.00,23.67
1350,27.41,0.00,26.38
1351,27.40,0.00,25.88
1352,27.40,0.00,26.25
1353,27.38,0.00,29.43
1354,27.36,0.00,29.00
1355,27.36,0.00,29.43
1356,27.33,0.00,29.14
1357,27.33,0.00,25.62
1358,27.30,0.00,29.00
1359,27.30,0.00,34.50
1360,27.28,0.00,33.83
1361,27.27,0.00,33.17
1362,27.27,0.00,28.71
1363,27.27,0.00,25.38
1364,27.23,0.00,28.86
1365,27.20,0.00,28.71
1366,27.19,0.00,28.29
1367,27.18,0.00,32.67
1368,27.18,0.00,28.29
1369,27.18,0.00,25.00
1370,27.18,0.00,25.25
1371,27.15,0.00,24.88
1372,27.15,0.00,22.33
1373,27.15,0.00,25.62
1374,27.12,0.00,25.50
1375,27.09,0.00,29.00
1376,27.08,0.00,33.50
1377,27.07,0.00,33.17
1378,27.07,0.00,33.67
1379,27.05,0.00,33.33
1380,27.04,0.00,32.67
1381,27.04,0.00,28.29
1382,27.04,0.00,27.86
1383,27.04,0.00,24.50
1384,27.04,0.00,22.22
1385,27.01,0.00,24.75
1386,26.99,0.00,24.38
1387,26.99,0.00,23.88
1388,26.99,0.00,21.33
1389,26.99,0.00,20.89
1390,26.99,0.00,20.56
1391,27.00,0.00,20.22
1392,27.00,0.00,19.78
1393,27.01,0.00,19.44
1394,27.01,0.00,17.90
1395,27.01,0.00,18.20
1396,27.01,0.00,20.44
1397,27.00,0.00,20.11
1398,27.00,0.00,20.33
1399,27.00,0.00,20.44
1400,26.99,0.00,22.62
1401,26.99,0.00,20.33
1402,26.99,0.00,22.38
1403,27.00,0.00,22.00
1404,27.00,0.00,19.78
1405,27.01,0.00,19.44
1406,26.98,0.00,21.62
1407,26.98,0.00,19.44
1408,26.94,0.00,21.62
1409,26.94,0.00,19.56
1410,26.92,0.00,21.75
1411,26.90,0.00,24.43
1412,26.90,0.00,24.71
1413,26.88,0.00,24.43
1414,26.89,0.00,24.00
1415,26.91,0.00,23.57
1416,26.89,0.00,27.17
1417,26.88,0.00,32.20
1418,26.90,0.00,31.40
1419,26.90,0.00,26.67
1420,26.86,0.00,31.80
1421,26.88,0.00,31.00
1422,26.88,0.00,26.17
1423,26.85,0.00,31.20
1424,26.84,0.00,38.25
1425,26.84,0.00,31.40
1426,26.81,0.00,38.75
1427,26.81,0.00,31.80
1428,26.81,0.00,27.00
1429,26.81,0.00,23.57
1430,26.81,0.00,20.88
1431,26.80,0.00,20.50
1432,26.80,0.00,18.67
1433,26.79,0.00,20.62
1434,26.76,0.00,20.50
1435,26.76,0.00,18.33
1436,26.76,0.00,18.11
1437,26.76,0.00,18.56
1438,26.77,0.00,18.22
1439,26.79,0.00,17.89
1440,26.79,0.00,19.88
1441,26.81,0.00,22.14
1442,26.83,0.00,21.57
1443,26.83,0.00,21.71
1444,26.83,0.00,21.86
1445,26.83,0.00,22.29
1446,26.83,0.00,19.88
1447,26.83,0.00,20.25
1448,26.83,0.00,18.33
1449,26.83,0.00,21.00
1450,26.83,0.00,19.00
1451,26.83,0.00,17.30
1452,26.83,0.00,17.60
1453,26.80,0.00,17.50
1454,26.80,0.00,17.90
1455,26.77,0.00,19.56
1456,26.78,0.00,19.11
1457,26.78,0.00,18.67
1458,26.78,0.00,17.00
1459,26.78,0.00,17.30
1460,26.78,0.00,17.60
1461,26.78,0.00,17.20
1462,26.79,0.00,16.90
1463,26.79,0.00,15.55
1464,26.79,0.00,15.82
1465,26.76,0.00,17.20
1466,26.76,0.00,15.82
1467,26.75,0.00,15.55
1468,26.75,0.00,15.91
1469,26.75,0.00,16.09
1470,26.75,0.00,16.45
1471,26.75,0.00,16.73
1472,26.73,0.00,16.36
1473,26.70,0.00,17.90
1474,26.70,0.00,18.20
1475,26.67,0.00,17.80
1476,26.67,0.00,18.00
1477,26.64,0.00,17.90
1478,26.64,0.00,18.20
1479,26.62,0.00,18.00
1480,26.60,0.00,19.56
1481,26.60,0.00,19.89
1482,26.60,0.00,19.56
1483,26.60,0.00,19.33
1484,26.60,0.00,19.00
1485,26.60,0.00,17.50
1486,26.58,0.00,17.20
1487,26.55,0.00,19.00
1488,26.56,0.00,18.78
1489,26.56,0.00,17.20
1490,26.57,0.00,16.80
1491,26.56,0.00,16.60
1492,26.56,0.00,15.18
1493,26.56,0.00,15.45
1494,26.56,0.00,15.82
1495,26.56,0.00,17.60
1496,26.54,0.00,17.20
1497,26.54,0.00,17.50
1498,26.52,0.00,19.11
1499,26.52,0.00,19.33
1500,26.51,0.00,21.25
1501,26.51,0.00,19.22
1502,26.49,0.00,19.00
1503,26.49,0.00,21.00
1504,26.49,0.00,20.75
1505,26.50,0.00,23.29
1506,26.51,0.00,26.83
1507,26.51,0.00,23.57
1508,26.51,0.00,21.12
1509,26.48,0.00,24.00
1510,26.47,0.00,27.83
1511,26.46,0.00,27.33
1512,26.47,0.00,26.67
1513,26.47,0.00,23.00
1514,26.45,0.00,26.67
1515,26.46,0.00,31.60
1516,26.47,0.00,30.80
1517,26.49,0.00,30.20
1518,26.49,0.00,25.33
1519,26.49,0.00,22.00
1520,26.51,0.00,25.00
1521,26.51,0.00,22.00
1522,26.52,0.00,21.57
1523,26.51,0.00,25.00
1524,26.51,0.00,25.50
1525,26.51,0.00,22.43
1526,26.51,0.00,22.71
1527,26.51,0.00,20.38
1528,26.51,0.00,20.62
1529,26.49,0.00,20.38
1530,26.47,0.00,20.00
1531,26.47,0.00,20.38
1532,26.47,0.00,20.75
1533,26.46,0.00,23.14
1534,26.46,0.00,20.75
1535,26.44,0.00,23.14
1536,26.44,0.00,22.71
1537,26.44,0.00,20.12
1538,26.44,0.00,19.75
1539,26.41,0.00,22.29
1540,26.41,0.00,19.75
1541,26.43,0.00,22.00
1542,26.43,0.00,26.17
1543,26.43,0.00,23.00
1544,26.43,0.00,20.25
1545,26.42,0.00,19.88
1546,26.42,0.00,18.11
1547,26.43,0.00,17.67
1548,26.44,0.00,19.38
1549,26.44,0.00,19.50
1550,26.45,0.00,19.12
1551,26.45,0.00,19.50
1552,26.46,0.00,21.71
1553,26.46,0.00,19.38
1554,26.46,0.00,17.67
1555,26.46,0.00,17.89
1556,26.46,0.00,18.11
1557,26.46,0.00,16.60
1558,26.46,0.00,15.27
1559,26.46,0.00,14.33
1560,26.46,0.00,13.31
1561,26.44,0.00,13.08
1562,26.44,0.00,12.43
1563,26.44,0.00,11.87
1564,26.43,0.00,12.43
1565,26.43,0.00,12.50
1566,26.43,0.00,12.79
1567,26.43,0.00,13.00
1568,26.40,0.00,13.85
1569,26.37,0.00,14.92
1570,26.37,0.00,15.17
1571,26.37,0.00,14.15
1572,26.37,0.00,15.67
1573,26.37,0.00,14.62
1574,26.37,0.00,14.85
1575,26.37,0.00,16.33
1576,26.37,0.00,18.00
1577,26.34,0.00,19.60
1578,26.34,0.00,18.09
1579,26.34,0.00,18.45
1580,26.34,0.00,17.17
1581,26.32,0.00,16.83
1582,26.32,0.00,15.62
1583,26.32,0.00,14.79
1584,26.29,0.00,15.85
1585,26.29,0.00,17.50
1586,26.29,0.00,19.36
1587,26.29,0.00,21.70
1588,26.27,0.00,21.60
1589,26.27,0.00,24.44
1590,26.27,0.00,27.88
1591,26.27,0.00,32.43
1592,26.25,0.00,32.14
1593,26.22,0.00,37.33
1594,26.22,0.00,45.60
1595,26.20,0.00,45.00
1596,26.19,0.00,44.20
1597,26.19,0.00,37.33
1598,26.16,0.00,44.20
1599,26.16,0.00,56.00
1600,26.16,0.00,45.00
1601,26.14,0.00,44.60
1602,26.14,0.00,56.25
1603,26.14,0.00,45.20
1604,26.14,0.00,37.83
1605,26.11,0.00,45.20
1606,26.11,0.00,38.00
1607,26.11,0.00,33.14
1608,26.10,0.00,32.71
1609,26.07,0.00,37.83
1610,26.06,0.00,45.00
1611,26.06,0.00,38.17
1612,26.03,0.00,37.67
1613,26.03,0.00,45.80
1614,26.03,0.00,46.00
1615,26.03,0.00,58.50
1616,26.01,0.00,57.75
1617,26.01,0.00,58.00
1618,26.01,0.00,58.50
1619,25.99,0.00,57.50
1620,25.99,0.00,58.00
1621,25.97,0.00,76.33
1622,25.95,0.00,75.00
1623,25.94,0.00,74.00
1624,25.93,0.00,72.67
1625,25.90,0.00,108.50
1626,25.90,0.00,73.33
1627,25.90,0.00,74.67
1628,25.90,0.00,56.50
1629,25.90,0.00,76.67
1630,25.89,0.00,75.67
1631,25.87,0.00,74.67
1632,25.86,0.00,73.33
1633,25.86,0.00,74.67
1634,25.84,0.00,73.67
1635,25.83,0.00,72.33
1636,25.82,0.00,107.00
1637,25.82,0.00,72.33
1638,25.79,0.00,107.50
1639,25.78,0.00,105.50
1640,25.77,0.00,104.50
1641,25.77,0.00,105.50
1642,25.77,0.00,71.33
1643,25.76,0.00,70.00
1644,25.76,0.00,68.67
1645,25.76,0.00,52.25
1646,25.76,0.00,53.00
1647,25.76,0.00,53.75
1648,25.76,0.00,54.50
1649,25.76,0.00,44.40
1650,25.73,0.00,43.80
1651,25.71,0.00,54.00
1652,25.69,0.00,53.75
1653,25.69,0.00,43.80
1654,25.67,0.00,43.20
1655,25.66,0.00,42.60
1656,25.65,0.00,52.50
1657,25.64,0.00,51.75
1658,25.64,0.00,41.80
1659,25.64,0.00,53.25
1660,25.63,0.00,52.50
1661,25.63,0.00,42.60
1662,25.63,0.00,43.40
1663,25.63,0.00,36.67
1664,25.61,0.00,36.33
1665,25.61,0.00,36.83
1666,25.59,0.00,36.50
1667,25.58,0.00,36.00
1668,25.56,0.00,35.83
1669,25.56,0.00,31.14
1670,25.54,0.00,36.00
1671,25.53,0.00,42.60
1672,25.51,0.00,52.75
1673,25.51,0.00,52.00
1674,25.51,0.00,52.75
1675,25.51,0.00,42.40
1676,25.50,0.00,41.60
1677,25.50,0.00,41.20
1678,25.50,0.00,34.83
1679,25.50,0.00,34.17
1680,25.49,0.00,40.40
1681,25.47,0.00,50.25
1682,25.47,0.00,66.00
1683,25.47,0.00,50.25
1684,25.47,0.00,49.25
1685,25.46,0.00,64.67
1686,25.46,0.00,64.00
1687,25.46,0.00,48.25
1688,25.46,0.00,39.40
1689,25.46,0.00,39.00
1690,25.46,0.00,33.00
1691,25.45,0.00,39.00
1692,25.46,0.00,48.25
1693,25.46,0.00,39.20
1694,25.46,0.00,39.80
1695,25.46,0.00,40.20
1696,25.43,0.00,39.40
1697,25.43,0.00,39.80
1698,25.41,0.00,39.40
1699,25.41,0.00,33.33
1700,25.41,0.00,33.83
1701,25.40,0.00,33.33
1702,25.40,0.00,29.14
1703,25.40,0.00,25.75
1704,25.40,0.00,23.22
1705,25.38,0.00,26.00
1706,25.37,0.00,29.14
1707,25.37,0.00,25.75
1708,25.36,0.00,29.00
1709,25.36,0.00,25.50
1710,25.36,0.00,23.11
1711,25.36,0.00,23.22
1712,25.34,0.00,23.11
1713,25.34,0.00,21.00
1714,25.33,0.00,23.00
1715,25.32,0.00,22.67
1716,25.30,0.00,25.25
1717,25.28,0.00,28.57
1718,25.28,0.00,25.12
1719,25.29,0.00,24.75
1720,25.29,0.00,22.33
1721,25.26,0.00,25.00
1722,25.26,0.00,22.67
1723,25.26,0.00,25.88
1724,25.26,0.00,23.11
1725,25.25,0.00,22.89
1726,25.25,0.00,25.50
1727,25.25,0.00,29.29
1728,25.25,0.00,29.57
1729,25.23,0.00,34.33
1730,25.23,0.00,34.83
1731,25.21,0.00,41.20
1732,25.20,0.00,50.50
1733,25.20,0.00,40.80
1734,25.20,0.00,34.17
1735,25.19,0.00,33.67
1736,25.19,0.00,33.00
1737,25.19,0.00,33.33
1738,25.19,0.00,28.86
1739,25.19,0.00,29.43
1740,25.18,0.00,28.86
1741,25.18,0.00,34.17
1742,25.15,0.00,34.00
1743,25.15,0.00,29.57
1744,25.15,0.00,26.25
1745,25.14,0.00,25.75
1746,25.14,0.00,29.86
1747,25.14,0.00,26.50
1748,25.14,0.00,24.00
1749,25.14,0.00,24.33
1750,25.14,0.00,27.88
1751,25.11,0.00,31.57
1752,25.11,0.00,27.75
1753,25.11,0.00,27.88
1754,25.09,0.00,27.50
1755,25.07,0.00,31.00
1756,25.07,0.00,36.50
1757,25.04,0.00,43.40
1758,25.04,0.00,55.00
1759,25.04,0.00,55.50
1760,25.03,0.00,55.00
1761,25.00,0.00,73.00
1762,24.99,0.00,71.67
1763,24.99,0.00,73.00
1764,24.99,0.00,55.00
1765,24.99,0.00,44.40
1766,24.99,0.00,44.60
1767,24.99,0.00,45.00
1768,24.97,0.00,55.25
1769,24.94,0.00,73.00
1770,24.94,0.00,55.25
1771,24.94,0.00,45.00
1772,24.94,0.00,45.80
1773,24.92,0.00,56.25
1774,24.92,0.00,45.60
1775,24.89,0.00,56.50
1776,24.89,0.00,57.00
1777,24.87,0.00,56.00
1778,24.85,0.00,74.33
1779,24.85,0.00,56.75
1780,24.82,0.00,56.50
1781,24.80,0.00,56.00
1782,24.80,0.00,45.00
1783,24.79,0.00,44.40
1784,24.77,0.00,43.80
1785,24.76,0.00,43.40
1786,24.76,0.00,36.67
1787,24.75,0.00,36.33
1788,24.74,0.00,36.00
1789,24.74,0.00,31.29
1790,24.73,0.00,30.71
1791,24.71,0.00,35.67
1792,24.71,0.00,31.14
1793,24.69,0.00,30.86
1794,24.68,0.00,30.57
1795,24.68,0.00,27.00
1796,24.65,0.00,30.71
1797,24.65,0.00,36.50
1798,24.64,0.00,43.40
1799,24.64,0.00,55.00
1800,24.63,0.00,54.00
1801,24.62,0.00,71.67
1802,24.62,0.00,72.33
1803,24.61,0.00,71.00
1804,24.61,0.00,69.67
1805,24.61,0.00,52.75
1806,24.61,0.00,53.25
1807,24.59,0.00,52.75
1808,24.58,0.00,69.67
1809,24.58,0.00,71.00
1810,24.58,0.00,53.75
1811,24.57,0.00,52.75
1812,24.55,0.00,52.50
1813,24.55,0.00,42.40
1814,24.55,0.00,35.50
1815,24.54,0.00,42.00
1816,24.54,0.00,51.75
1817,24.54,0.00,41.60
1818,24.54,0.00,35.00
1819,24.52,0.00,41.80
1820,24.52,0.00,41.20
1821,24.52,0.00,35.00
1822,24.50,0.00,34.67
1823,24.50,0.00,30.00
1824,24.50,0.00,26.50
1825,24.50,0.00,26.12
1826,24.48,0.00,29.57
1827,24.48,0.00,30.14
1828,24.48,0.00,35.50
1829,24.48,0.00,30.57
1830,24.46,0.00,30.14
1831,24.44,0.00,34.83
1832,24.44,0.00,34.33
1833,24.43,0.00,40.80
1834,24.43,0.00,34.17
1835,24.42,0.00,40.40
1836,24.42,0.00,50.00
1837,24.42,0.00,49.00
1838,24.42,0.00,39.60
1839,24.40,0.00,49.25
1840,24.38,0.00,65.00
1841,24.38,0.00,49.25
1842,24.36,0.00,65.00
1843,24.36,0.00,49.50
1844,24.36,0.00,40.20
1845,24.36,0.00,33.83
1846,24.35,0.00,40.20
1847,24.35,0.00,40.80
1848,24.35,0.00,34.50
1849,24.35,0.00,35.00
1850,24.34,0.00,34.67
1851,24.34,0.00,30.14
1852,24.32,0.00,35.00
1853,24.32,0.00,30.29
1854,24.32,0.00,26.75
1855,24.30,0.00,30.14
1856,24.30,0.00,35.67
1857,24.30,0.00,35.83
1858,24.30,0.00,35.17
1859,24.30,0.00,34.67
1860,24.30,0.00,30.00
1861,24.27,0.00,29.86
1862,24.27,0.00,26.62
1863,24.27,0.00,26.75
1864,24.25,0.00,30.43
1865,24.25,0.00,30.71
1866,24.25,0.00,27.38
1867,24.23,0.00,27.00
1868,24.23,0.00,24.22
1869,24.23,0.00,22.20
1870,24.23,0.00,22.30
1871,24.23,0.00,22.40
1872,24.21,0.00,22.10
1873,24.19,0.00,24.33
1874,24.19,0.00,22.10
1875,24.17,0.00,21.80
1876,24.17,0.00,22.10
1877,24.16,0.00,24.11
1878,24.16,0.00,27.25
1879,24.14,0.00,26.88
1880,24.12,0.00,30.57
1881,24.11,0.00,30.14
1882,24.11,0.00,30.43
1883,24.10,0.00,35.00
1884,24.10,0.00,42.80
1885,24.10,0.00,36.17
1886,24.08,0.00,35.83
1887,24.08,0.00,31.14
1888,24.08,0.00,31.43
1889,24.06,0.00,36.33
1890,24.06,0.00,31.57
1891,24.06,0.00,31.86
1892,24.04,0.00,31.43
1893,24.03,0.00,31.00
1894,24.01,0.00,36.00
1895,24.01,0.00,36.50
1896,23.99,0.00,35.83
1897,23.99,0.00,36.17
1898,23.99,0.00,31.29
1899,23.99,0.00,27.50
1900,23.97,0.00,27.12
1901,23.97,0.00,27.38
1902,23.95,0.00,31.00
1903,23.93,0.00,30.71
1904,23.93,0.00,27.38
1905,23.92,0.00,30.71
1906,23.92,0.00,31.29
1907,23.92,0.00,31.71
1908,23.92,0.00,32.00
1909,23.90,0.00,31.57
1910,23.90,0.00,37.33
1911,23.88,0.00,36.67
1912,23.88,0.00,37.17
1913,23.88,0.00,32.14
1914,23.87,0.00,37.17
1915,23.85,0.00,36.50
1916,23.83,0.00,43.60
1917,23.83,0.00,36.50
1918,23.82,0.00,36.00
1919,23.82,0.00,43.80
1920,23.80,0.00,54.50
1921,23.80,0.00,74.00
1922,23.79,0.00,72.67
1923,23.78,0.00,71.67
1924,23.78,0.00,54.25
1925,23.78,0.00,55.25
1926,23.76,0.00,54.75
1927,23.76,0.00,55.50
1928,23.74,0.00,54.50
1929,23.74,0.00,55.50
1930,23.74,0.00,45.00
1931,23.74,0.00,45.40
1932,23.72,0.00,45.00
1933,23.70,0.00,44.20
1934,23.68,0.00,43.40
1935,23.68,0.00,43.00
1936,23.68,0.00,36.00
1937,23.68,0.00,31.00
1938,23.67,0.00,30.71
1939,23.67,0.00,30.29
1940,23.67,0.00,30.86
1941,23.65,0.00,30.57
1942,23.63,0.00,30.29
1943,23.63,0.00,26.75
1944,23.63,0.00,24.00
1945,23.63,0.00,24.33
1946,23.63,0.00,22.30
1947,23.62,0.00,22.00
1948,23.62,0.00,24.78
1949,23.62,0.00,28.12
1950,23.60,0.00,32.00
1951,23.60,0.00,37.83
1952,23.60,0.00,37.17
1953,23.60,0.00,44.80
1954,23.60,0.00,45.20
1955,23.57,0.00,44.40
1956,23.57,0.00,37.67
1957,23.56,0.00,37.17
1958,23.56,0.00,45.40
1959,23.56,0.00,46.00
1960,23.54,0.00,45.60
1961,23.52,0.00,45.20
1962,23.52,0.00,37.83
1963,23.52,0.00,38.50
1964,23.50,0.00,45.60
1965,23.50,0.00,38.50
1966,23.50,0.00,46.80
1967,23.49,0.00,46.40
1968,23.47,0.00,46.00
1969,23.47,0.00,38.67
1970,23.45,0.00,46.00
1971,23.45,0.00,38.67
1972,23.43,0.00,46.00
1973,23.42,0.00,45.40
1974,23.41,0.00,45.00
1975,23.41,0.00,57.00
1976,23.41,0.00,57.50
1977,23.40,0.00,56.50
1978,23.37,0.00,75.00
1979,23.37,0.00,56.75
1980,23.37,0.00,76.33
1981,23.36,0.00,76.00
1982,23.36,0.00,76.33
1983,23.36,0.00,58.00
1984,23.36,0.00,47.20
1985,23.36,0.00,59.50
1986,23.34,0.00,58.50
1987,23.34,0.00,78.67
1988,23.32,0.00,77.33
1989,23.30,0.00,76.67
1990,23.28,0.00,76.33
1991,23.28,0.00,76.67
1992,23.28,0.00,77.33
1993,23.28,0.00,78.67
1994,23.26,0.00,78.00
1995,23.26,0.00,59.00
1996,23.25,0.00,58.25
1997,23.22,0.00,77.00
1998,23.22,0.00,117.50
1999,23.22,0.00,78.67
2000,23.21,0.00,77.33
2001,23.19,0.00,115.50
2002,23.19,0.00,234.00
2003,23.17,0.00,230.00
2004,23.17,0.00,117.00
2005,23.16,0.00,116.00
2006,23.16,0.00,78.67
2007,23.16,0.00,120.00
2008,23.14,0.00,119.00
2009,23.14,0.00,80.67
2010,23.12,0.00,80.00
2011,23.10,0.00,79.67
2012,23.09,0.00,118.50
2013,23.07,0.00,117.50
2014,23.07,0.00,118.50
2015,23.07,0.00,79.67
2016,23.07,0.00,80.33
2017,23.06,0.00,119.00
2018,23.04,0.00,117.50
2019,23.04,0.00,78.67
2020,23.03,0.00,77.67
2021,23.01,0.00,77.33
2022,23.01,0.00,58.50
2023,23.01,0.00,47.40
2024,23.01,0.00,47.80
2025,23.00,0.00,58.75
2026,23.00,0.00,47.60
2027,22.99,0.00,46.80
2028,22.99,0.00,47.00
2029,22.97,0.00,58.25
2030,22.95,0.00,77.33
2031,22.94,0.00,76.00
2032,22.92,0.00,75.33
2033,22.91,0.00,74.00
2034,22.90,0.00,110.50
2035,22.89,0.00,108.50
2036,22.88,0.00,107.50
2037,22.88,0.00,106.00
2038,22.87,0.00,105.00
2039,22.87,0.00,106.00
2040,22.87,0.00,104.00
2041,22.87,0.00,70.67
2042,22.87,0.00,72.00
2043,22.87,0.00,54.25
2044,22.86,0.00,53.25
2045,22.85,0.00,70.00
2046,22.84,0.00,103.00
2047,22.84,0.00,104.00
2048,22.84,0.00,70.33
2049,22.84,0.00,70.67
2050,22.84,0.00,53.50
2051,22.84,0.00,72.67
2052,22.83,0.00,107.00
2053,22.83,0.00,108.50
2054,22.81,0.00,107.50
2055,22.81,0.00,109.00
2056,22.81,0.00,74.00
2057,22.81,0.00,56.00
2058,22.80,0.00,55.75
2059,22.80,0.00,75.67
2060,22.80,0.00,76.00
2061,22.80,0.00,58.00
2062,22.80,0.00,78.67
2063,22.78,0.00,77.67
2064,22.78,0.00,79.00
2065,22.77,0.00,78.67
2066,22.75,0.00,78.00
2067,22.75,0.00,58.75
2068,22.73,0.00,78.00
2069,22.73,0.00,78.67
2070,22.73,0.00,59.25
2071,22.73,0.00,59.75
2072,22.72,0.00,59.00
2073,22.70,0.00,58.25
2074,22.70,0.00,78.67
2075,22.69,0.00,77.33
2076,22.69,0.00,58.75
2077,22.69,0.00,79.00
2078,22.69,0.00,80.00
2079,22.69,0.00,122.00
2080,22.67,0.00,121.00
2081,22.67,0.00,81.33
2082,22.66,0.00,80.33
2083,22.64,0.00,79.33
2084,22.62,0.00,118.00
2085,22.62,0.00,79.00
2086,22.61,0.00,78.33
2087,22.60,0.00,77.33
2088,22.59,0.00,76.00
2089,22.58,0.00,75.33
2090,22.57,0.00,74.67
2091,22.56,0.00,73.33
2092,22.55,0.00,72.67
2093,22.55,0.00,73.67
2094,22.54,0.00,73.00
2095,22.54,0.00,72.00
2096,22.53,0.00,70.67
2097,22.53,0.00,53.75
2098,22.51,0.00,71.33
2099,22.51,0.00,72.67
2100,22.51,0.00,55.00
2101,22.51,0.00,56.00
2102,22.49,0.00,74.00
2103,22.48,0.00,73.33
2104,22.48,0.00,56.00
2105,22.47,0.00,55.00
2106,22.47,0.00,55.75
2107,22.47,0.00,75.00
2108,22.47,0.00,75.67
2109,22.47,0.00,76.33
2110,22.45,0.00,75.67
2111,22.44,0.00,74.33
2112,22.43,0.00,73.67
2113,22.43,0.00,74.33
2114,22.41,0.00,73.67
2115,22.40,0.00,109.50
2116,22.40,0.00,108.00
2117,22.40,0.00,106.00
2118,22.40,0.00,72.00
2119,22.38,0.00,106.00
2120,22.38,0.00,104.50
2121,22.38,0.00,70.33
2122,22.38,0.00,53.75
2123,22.37,0.00,71.00
2124,22.36,0.00,70.33
2125,22.36,0.00,69.33
2126,22.36,0.00,70.33
2127,22.36,0.00,69.33
2128,22.36,0.00,52.50
2129,22.36,0.00,42.40
2130,22.36,0.00,35.83
2131,22.36,0.00,31.14
2132,22.34,0.00,36.00
2133,22.34,0.00,36.50
2134,22.34,0.00,36.83
2135,22.33,0.00,44.00
2136,22.33,0.00,44.40
2137,22.32,0.00,44.00
2138,22.30,0.00,43.60
2139,22.30,0.00,43.00
2140,22.29,0.00,42.60
2141,22.29,0.00,35.83
2142,22.29,0.00,36.00
2143,22.29,0.00,36.67
2144,22.29,0.00,37.00
2145,22.28,0.00,36.67
2146,22.28,0.00,31.71
2147,22.28,0.00,37.50
2148,22.28,0.00,38.00
2149,22.26,0.00,37.67
2150,22.26,0.00,46.00
2151,22.25,0.00,45.40
2152,22.24,0.00,56.25
2153,22.24,0.00,45.40
2154,22.23,0.00,45.20
2155,22.23,0.00,37.83
2156,22.23,0.00,45.80
2157,22.22,0.00,45.40
2158,22.22,0.00,38.17
2159,22.21,0.00,37.67
2160,22.21,0.00,32.57
2161,22.21,0.00,28.75
2162,22.21,0.00,29.00
2163,22.21,0.00,28.50
2164,22.21,0.00,32.71
2165,22.19,0.00,37.67
2166,22.17,0.00,37.17
2167,22.17,0.00,45.20
2168,22.17,0.00,38.00
2169,22.17,0.00,38.50
2170,22.17,0.00,46.60
2171,22.17,0.00,47.20
2172,22.17,0.00,47.60
2173,22.15,0.00,47.20
2174,22.15,0.00,47.60
2175,22.13,0.00,46.80
2176,22.13,0.00,47.40
2177,22.11,0.00,46.60
2178,22.10,0.00,46.20
2179,22.08,0.00,57.50
2180,22.07,0.00,57.00
2181,22.07,0.00,46.40
2182,22.07,0.00,46.80
2183,22.07,0.00,47.20
2184,22.07,0.00,48.00
2185,22.05,0.00,47.60
2186,22.03,0.00,46.80
2187,22.03,0.00,59.00
2188,22.03,0.00,47.40
2189,22.03,0.00,48.20
2190,22.03,0.00,61.00
2191,22.02,0.00,60.25
2192,22.02,0.00,61.25
2193,22.02,0.00,62.00
2194,22.02,0.00,83.33
2195,22.02,0.00,126.00
2196,22.02,0.00,256.00
2197,22.00,0.00,252.00
2198,22.00,0.00,256.00
2199,21.98,0.00,253.00
2200,21.96,0.00,252.00
2201,21.96,0.00,253.00
2202,21.96,0.00,256.00
2203,21.94,0.00,253.00
2204,21.94,0.00,256.00
2205,21.92,0.00,252.00
2206,21.92,0.00,256.00
2207,21.90,0.00,253.00
2208,21.90,0.00,256.00
2209,21.89,0.00,252.00
2210,21.87,0.00,249.00
2211,21.85,0.00,246.00
2212,21.85,0.00,125.00
2213,21.85,0.00,126.50
2214,21.85,0.00,256.00
2215,21.83,0.00,255.00
2216,21.83,0.00,256.00
2217,21.81,0.00,254.00
2218,21.81,0.00,256.00
2219,21.79,0.00,254.00
2220,21.79,0.00,256.00
2221,21.77,0.00,252.00
2222,21.76,0.00,248.00
2223,21.76,0.00,252.00
2224,21.76,0.00,256.00
2225,21.74,0.00,254.00
2226,21.72,0.00,252.00
2227,21.72,0.00,127.00
2228,21.70,0.00,126.50
2229,21.70,0.00,127.00
2230,21.70,0.00,256.00
2231,21.68,0.00,254.00
2232,21.68,0.00,256.00
2233,21.67,0.00,255.00
2234,21.67,0.00,256.00
2235,21.65,0.00,255.00
2236,21.65,0.00,256.00
2237,21.63,0.00,252.00
2238,21.63,0.00,256.00
2239,21.61,0.00,253.00
2240,21.61,0.00,256.00
2241,21.59,0.00,254.00
2242,21.59,0.00,256.00
2243,21.57,0.00,254.00
2244,21.57,0.00,256.00
2245,21.55,0.00,252.00
2246,21.55,0.00,256.00
2247,21.54,0.00,254.00
2248,21.54,0.00,256.00
2249,21.52,0.00,252.00
2250,21.52,0.00,256.00
2251,21.50,0.00,252.00
2252,21.48,0.00,250.00
2253,21.47,0.00,246.00
2254,21.45,0.00,243.00
2255,21.44,0.00,240.00
2256,21.44,0.00,121.50
2257,21.42,0.00,119.50
2258,21.42,0.00,121.50
2259,21.41,0.00,121.00
2260,21.41,0.00,82.00
2261,21.39,0.00,81.33
2262,21.37,0.00,121.00
2263,21.37,0.00,123.00
2264,21.37,0.00,123.50
2265,21.36,0.00,123.00
2266,21.34,0.00,122.00
2267,21.33,0.00,121.00
2268,21.33,0.00,245.00
2269,21.32,0.00,242.00
2270,21.32,0.00,122.00
2271,21.32,0.00,82.00
2272,21.32,0.00,62.00
2273,21.30,0.00,82.00
2274,21.30,0.00,124.50
2275,21.30,0.00,125.50
2276,21.30,0.00,126.50
2277,21.28,0.00,249.00
2278,21.27,0.00,248.00
2279,21.25,0.00,245.00
2280,21.24,0.00,241.00
2281,21.24,0.00,245.00
2282,21.22,0.00,244.00
2283,21.22,0.00,245.00
2284,21.21,0.00,241.00
2285,21.21,0.00,121.00
2286,21.20,0.00,119.00
2287,21.18,0.00,237.00
2288,21.18,0.00,120.50
2289,21.18,0.00,80.67
2290,21.17,0.00,119.00
2291,21.17,0.00,80.67
2292,21.15,0.00,79.67
2293,21.15,0.00,81.00
2294,21.15,0.00,82.00
2295,21.13,0.00,81.00
2296,21.12,0.00,121.00
2297,21.12,0.00,81.00
2298,21.11,0.00,79.67
2299,21.09,0.00,119.00
2300,21.08,0.00,117.00
2301,21.08,0.00,79.00
2302,21.07,0.00,77.67
2303,21.06,0.00,76.33
2304,21.06,0.00,76.67
2305,21.06,0.00,58.50
2306,21.04,0.00,77.00
2307,21.04,0.00,58.50
2308,21.04,0.00,47.60
2309,21.03,0.00,47.40
2310,21.03,0.00,47.60
2311,21.03,0.00,48.20
2312,21.03,0.00,60.50
2313,21.01,0.00,59.50
2314,21.00,0.00,59.25
2315,21.00,0.00,59.50
2316,21.00,0.00,80.67
2317,20.98,0.00,79.67
2318,20.97,0.00,79.00
2319,20.95,0.00,78.67
2320,20.95,0.00,79.00
2321,20.95,0.00,59.75
2322,20.94,0.00,79.00
2323,20.92,0.00,78.00
2324,20.92,0.00,59.00
2325,20.92,0.00,47.80
2326,20.90,0.00,59.25
2327,20.90,0.00,60.00
2328,20.89,0.00,79.00
2329,20.88,0.00,78.00
2330,20.88,0.00,59.25
2331,20.88,0.00,60.25
2332,20.86,0.00,59.25
2333,20.86,0.00,59.75
2334,20.86,0.00,81.00
2335,20.84,0.00,80.33
2336,20.83,0.00,79.00
2337,20.82,0.00,117.00
2338,20.81,0.00,116.00
2339,20.79,0.00,115.50
2340,20.78,0.00,113.50
2341,20.78,0.00,111.50
2342,20.78,0.00,75.00
2343,20.78,0.00,76.33
2344,20.77,0.00,75.33
2345,20.77,0.00,76.67
2346,20.77,0.00,77.67
2347,20.77,0.00,58.75
2348,20.76,0.00,58.00
2349,20.76,0.00,58.75
2350,20.74,0.00,77.67
2351,20.73,0.00,76.67
2352,20.72,0.00,75.33
2353,20.72,0.00,57.00
2354,20.71,0.00,75.33
2355,20.71,0.00,76.67
2356,20.70,0.00,75.33
2357,20.69,0.00,74.00
2358,20.68,0.00,109.50
2359,20.68,0.00,74.00
2360,20.68,0.00,56.25
2361,20.67,0.00,55.25
2362,20.67,0.00,56.25
2363,20.67,0.00,56.75
2364,20.67,0.00,57.50
2365,20.66,0.00,57.25
2366,20.65,0.00,56.50
2367,20.63,0.00,74.67
2368,20.63,0.00,74.00
2369,20.63,0.00,56.00
2370,20.63,0.00,45.20
2371,20.61,0.00,56.00
2372,20.60,0.00,55.25
2373,20.59,0.00,73.00
2374,20.59,0.00,55.75
2375,20.58,0.00,55.00
2376,20.58,0.00,54.25
2377,20.57,0.00,53.75
2378,20.57,0.00,43.40
2379,20.57,0.00,42.60
2380,20.57,0.00,35.83
2381,20.57,0.00,36.00
2382,20.56,0.00,42.80
2383,20.55,0.00,42.40
2384,20.55,0.00,41.60
2385,20.55,0.00,35.17
2386,20.55,0.00,42.80
2387,20.55,0.00,36.33
2388,20.53,0.00,36.17
2389,20.53,0.00,36.33
2390,20.53,0.00,36.67
2391,20.52,0.00,36.17
2392,20.52,0.00,36.83
2393,20.52,0.00,37.50
2394,20.51,0.00,44.40
2395,20.51,0.00,45.20
2396,20.50,0.00,44.40
2397,20.48,0.00,55.25
2398,20.48,0.00,44.40
2399,20.48,0.00,43.80
2400,20.48,0.00,37.17
2401,20.47,0.00,36.83
2402,20.47,0.00,43.60
2403,20.46,0.00,54.00
2404,20.46,0.00,43.80
2405,20.45,0.00,54.00
2406,20.44,0.00,71.33
2407,20.44,0.00,70.00
2408,20.44,0.00,53.25
2409,20.44,0.00,52.25
2410,20.44,0.00,42.60
2411,20.44,0.00,36.17
2412,20.44,0.00,31.43
2413,20.44,0.00,27.75
2414,20.43,0.00,31.29
2415,20.43,0.00,31.57
2416,20.43,0.00,28.00
2417,20.43,0.00,32.57
2418,20.41,0.00,32.29
2419,20.41,0.00,38.00
2420,20.40,0.00,37.67
2421,20.40,0.00,37.17
2422,20.40,0.00,37.67
2423,20.39,0.00,44.80
2424,20.39,0.00,44.40
2425,20.38,0.00,55.00
2426,20.38,0.00,44.40
2427,20.38,0.00,37.33
2428,20.38,0.00,32.29
2429,20.38,0.00,31.71
2430,20.37,0.00,36.67
2431,20.37,0.00,31.71
2432,20.37,0.00,28.25
2433,20.36,0.00,32.14
2434,20.35,0.00,37.33
2435,20.35,0.00,32.14
2436,20.34,0.00,36.83
2437,20.34,0.00,43.80
2438,20.34,0.00,43.20
2439,20.33,0.00,53.50
2440,20.33,0.00,54.25
2441,20.32,0.00,71.00
2442,20.32,0.00,53.75
2443,20.32,0.00,43.60
2444,20.32,0.00,42.80
2445,20.32,0.00,35.83
2446,20.31,0.00,35.50
2447,20.30,0.00,42.20
2448,20.30,0.00,35.50
2449,20.30,0.00,36.17
2450,20.30,0.00,36.67
2451,20.29,0.00,36.33
2452,20.29,0.00,35.67
2453,20.28,0.00,42.40
2454,20.28,0.00,42.80
2455,20.27,0.00,42.40
2456,20.27,0.00,42.80
2457,20.27,0.00,43.20
2458,20.25,0.00,42.80
2459,20.25,0.00,43.20
2460,20.24,0.00,53.25
2461,20.23,0.00,70.00
2462,20.23,0.00,53.00
2463,20.23,0.00,43.20
2464,20.22,0.00,43.00
2465,20.22,0.00,42.40
2466,20.22,0.00,42.80
2467,20.22,0.00,36.00
2468,20.22,0.00,31.29
2469,20.20,0.00,36.00
2470,20.20,0.00,31.29
2471,20.20,0.00,36.67
2472,20.19,0.00,36.00
2473,20.19,0.00,31.29
2474,20.19,0.00,31.71
2475,20.19,0.00,32.00
2476,20.18,0.00,36.67
2477,20.18,0.00,37.00
2478,20.18,0.00,45.20
2479,20.16,0.00,45.00
2480,20.16,0.00,45.60
2481,20.15,0.00,56.00
2482,20.14,0.00,55.75
2483,20.14,0.00,45.40
2484,20.14,0.00,38.00
2485,20.14,0.00,32.71
2486,20.13,0.00,37.50
2487,20.13,0.00,45.20
2488,20.12,0.00,44.80
2489,20.12,0.00,56.75
2490,20.11,0.00,56.00
2491,20.11,0.00,57.00
2492,20.11,0.00,46.00
2493,20.11,0.00,38.67
2494,20.11,0.00,46.80
2495,20.10,0.00,46.20
2496,20.10,0.00,47.00
2497,20.10,0.00,47.80
2498,20.08,0.00,47.20
2499,20.07,0.00,58.25
2500,20.07,0.00,78.67
2501,20.07,0.00,60.00
2502,20.07,0.00,81.00
2503,20.07,0.00,82.00
2504,20.07,0.00,125.00
2505,20.05,0.00,124.00
2506,20.05,0.00,83.67
2507,20.04,0.00,124.00
2508,20.02,0.00,122.50
2509,20.02,0.00,82.33
2510,20.02,0.00,125.00
2511,20.01,0.00,123.50
2512,20.01,0.00,125.00
2513,20.00,0.00,124.00
2514,19.98,0.00,122.50
2515,19.98,0.00,124.00
2516,19.97,0.00,123.50
2517,19.96,0.00,122.50
2518,19.96,0.00,82.33
2519,19.96,0.00,83.33
2520,19.94,0.00,82.00
2521,19.93,0.00,81.33
2522,19.92,0.00,80.00
2523,19.92,0.00,121.50
2524,19.92,0.00,122.00
2525,19.90,0.00,121.50
2526,19.89,0.00,119.50
2527,19.89,0.00,120.50
2528,19.88,0.00,238.00
2529,19.87,0.00,234.00
2530,19.87,0.00,119.00
2531,19.87,0.00,80.33
2532,19.86,0.00,80.00
2533,19.84,0.00,118.50
2534,19.84,0.00,119.00
2535,19.84,0.00,120.00
2536,19.83,0.00,118.00
2537,19.82,0.00,116.00
2538,19.81,0.00,114.00
2539,19.80,0.00,226.00
2540,19.79,0.00,222.00
2541,19.78,0.00,220.00
2542,19.78,0.00,218.00
2543,19.78,0.00,111.00
2544,19.78,0.00,75.00
2545,19.76,0.00,111.00
2546,19.76,0.00,75.33
2547,19.76,0.00,76.00
2548,19.75,0.00,75.00
2549,19.75,0.00,76.33
2550,19.74,0.00,76.00
2551,19.74,0.00,77.33
2552,19.73,0.00,76.33
2553,19.72,0.00,113.50
2554,19.72,0.00,115.00
2555,19.72,0.00,77.00
2556,19.71,0.00,76.33
2557,19.70,0.00,75.33
2558,19.70,0.00,57.25
2559,19.70,0.00,58.00
2560,19.69,0.00,57.50
2561,19.68,0.00,56.50
2562,19.68,0.00,45.60
2563,19.68,0.00,38.67
2564,19.68,0.00,46.80
2565,19.67,0.00,58.25
2566,19.67,0.00,47.00
2567,19.65,0.00,46.20
2568,19.64,0.00,57.00
2569,19.64,0.00,77.33
2570,19.64,0.00,117.00
2571,19.64,0.00,238.00
2572,19.64,0.00,120.50
2573,19.64,0.00,81.33
2574,19.63,0.00,81.00
2575,19.63,0.00,61.25
2576,19.62,0.00,80.67
2577,19.61,0.00,79.67
2578,19.61,0.00,80.67
2579,19.60,0.00,120.00
2580,19.59,0.00,118.50
2581,19.59,0.00,120.50
2582,19.59,0.00,80.67
2583,19.58,0.00,80.00
2584,19.58,0.00,80.67
2585,19.57,0.00,119.50
2586,19.56,0.00,119.00
2587,19.56,0.00,119.50
2588,19.56,0.00,121.00
2589,19.56,0.00,81.00
2590,19.54,0.00,80.33
2591,19.53,0.00,79.00
2592,19.52,0.00,118.00
2593,19.52,0.00,120.00
2594,19.51,0.00,119.50
2595,19.50,0.00,118.00
2596,19.50,0.00,117.00
2597,19.50,0.00,118.00
2598,19.50,0.00,239.00
2599,19.49,0.00,235.00
2600,19.48,0.00,234.00
2601,19.48,0.00,118.00
2602,19.48,0.00,80.00
2603,19.47,0.00,119.00
2604,19.46,0.00,118.00
2605,19.46,0.00,119.00
2606,19.46,0.00,79.67
2607,19.45,0.00,117.50
2608,19.45,0.00,116.00
2609,19.44,0.00,115.00
2610,19.44,0.00,78.00
2611,19.44,0.00,59.25
2612,19.43,0.00,77.67
2613,19.43,0.00,78.67
2614,19.42,0.00,77.67
2615,19.41,0.00,115.00
2616,19.40,0.00,113.50
2617,19.40,0.00,112.50
2618,19.38,0.00,224.00
2619,19.38,0.00,221.00
2620,19.38,0.00,111.50
2621,19.38,0.00,109.50
2622,19.38,0.00,108.00
2623,19.38,0.00,109.00
2624,19.38,0.00,111.00
2625,19.37,0.00,109.00
2626,19.35,0.00,107.50
2627,19.35,0.00,73.00
2628,19.35,0.00,72.00
2629,19.35,0.00,73.00
2630,19.35,0.00,55.00
2631,19.35,0.00,54.50
2632,19.35,0.00,72.00
2633,19.35,0.00,71.00
2634,19.35,0.00,70.33
2635,19.35,0.00,69.00
2636,19.35,0.00,68.00
2637,19.35,0.00,51.50
2638,19.35,0.00,41.80
2639,19.35,0.00,35.33
2640,19.34,0.00,41.80
2641,19.34,0.00,35.33
2642,19.34,0.00,30.57
2643,19.34,0.00,31.00
2644,19.34,0.00,31.43
2645,19.34,0.00,37.33
2646,19.33,0.00,44.60
2647,19.33,0.00,56.50
2648,19.32,0.00,55.50
2649,19.31,0.00,54.75
2650,19.31,0.00,44.60
2651,19.30,0.00,44.20
2652,19.30,0.00,43.60
2653,19.30,0.00,43.00
2654,19.30,0.00,43.40
2655,19.29,0.00,53.75
2656,19.28,0.00,70.67
2657,19.28,0.00,71.33
2658,19.28,0.00,54.25
2659,19.28,0.00,54.00
2660,19.28,0.00,53.25
2661,19.28,0.00,43.20
2662,19.28,0.00,44.00
2663,19.28,0.00,37.17
2664,19.26,0.00,36.50
2665,19.25,0.00,43.20
2666,19.25,0.00,43.80
2667,19.25,0.00,43.40
2668,19.25,0.00,44.00
2669,19.25,0.00,36.83
2670,19.25,0.00,31.86
2671,19.24,0.00,36.83
2672,19.24,0.00,31.86
2673,19.24,0.00,32.29
2674,19.23,0.00,37.50
2675,19.23,0.00,37.83
2676,19.22,0.00,37.67
2677,19.22,0.00,32.43
2678,19.22,0.00,31.86
2679,19.21,0.00,31.57
2680,19.20,0.00,36.67
2681,19.20,0.00,31.57
2682,19.19,0.00,36.67
2683,19.19,0.00,37.17
2684,19.19,0.00,32.43
2685,19.18,0.00,32.29
2686,19.17,0.00,37.17
2687,19.17,0.00,36.67
2688,19.17,0.00,37.00
2689,19.16,0.00,43.80
2690,19.16,0.00,36.67
2691,19.16,0.00,43.60
2692,19.16,0.00,55.50
2693,19.16,0.00,56.25
2694,19.16,0.00,45.20
2695,19.15,0.00,55.50
2696,19.15,0.00,56.25
2697,19.15,0.00,45.20
2698,19.14,0.00,44.60
2699,19.14,0.00,37.67
2700,19.14,0.00,45.60
2701,19.14,0.00,46.40
2702,19.13,0.00,46.00
2703,19.13,0.00,45.20
2704,19.13,0.00,57.25
2705,19.13,0.00,56.50
2706,19.13,0.00,56.00
2707,19.12,0.00,55.00
2708,19.12,0.00,44.80
2709,19.12,0.00,45.60
2710,19.11,0.00,56.75
2711,19.11,0.00,46.00
2712,19.10,0.00,45.60
2713,19.10,0.00,57.25
2714,19.10,0.00,57.50
2715,19.10,0.00,46.40
2716,19.10,0.00,58.25
2717,19.10,0.00,47.40
2718,19.10,0.00,47.80
2719,19.10,0.00,40.33
2720,19.10,0.00,48.80
2721,19.09,0.00,60.25
2722,19.08,0.00,59.25
2723,19.07,0.00,58.50
2724,19.06,0.00,58.25
2725,19.06,0.00,47.40
2726,19.05,0.00,58.25
2727,19.05,0.00,57.25
2728,19.04,0.00,75.00
2729,19.04,0.00,74.33
2730,19.04,0.00,74.67
2731,19.04,0.00,56.75
2732,19.04,0.00,55.75
2733,19.02,0.00,73.67
2734,19.02,0.00,55.75
2735,19.02,0.00,45.00
2736,19.02,0.00,57.25
2737,19.02,0.00,56.25
2738,19.01,0.00,74.00
2739,19.01,0.00,75.33
2740,19.01,0.00,75.67
2741,19.00,0.00,74.33
2742,18.99,0.00,73.67
2743,18.99,0.00,74.67
2744,18.98,0.00,74.00
2745,18.98,0.00,56.25
2746,18.97,0.00,74.33
2747,18.96,0.00,73.67
2748,18.96,0.00,73.00
2749,18.96,0.00,73.67
2750,18.96,0.00,73.00
2751,18.96,0.00,55.25
2752,18.96,0.00,54.25
2753,18.96,0.00,54.75
2754,18.95,0.00,53.75
2755,18.95,0.00,73.00
2756,18.94,0.00,108.50
2757,18.94,0.00,73.67
2758,18.94,0.00,73.33
2759,18.94,0.00,56.00
2760,18.93,0.00,55.50
2761,18.93,0.00,44.80
2762,18.91,0.00,55.50
2763,18.91,0.00,54.50
2764,18.90,0.00,71.67
2765,18.90,0.00,70.67
2766,18.89,0.00,105.00
2767,18.89,0.00,71.00
2768,18.89,0.00,71.67
2769,18.89,0.00,72.67
2770,18.88,0.00,107.50
2771,18.88,0.00,105.50
2772,18.88,0.00,71.00
2773,18.88,0.00,70.00
2774,18.88,0.00,104.00
2775,18.88,0.00,70.00
2776,18.86,0.00,104.00
2777,18.86,0.00,102.50
2778,18.86,0.00,203.00
2779,18.86,0.00,103.50
2780,18.86,0.00,102.00
2781,18.86,0.00,101.00
2782,18.86,0.00,99.50
2783,18.86,0.00,101.00
2784,18.86,0.00,68.00
2785,18.86,0.00,51.50
2786,18.86,0.00,51.75
2787,18.85,0.00,51.00
2788,18.85,0.00,41.20
2789,18.85,0.00,42.00
2790,18.84,0.00,52.00
2791,18.84,0.00,52.75
2792,18.84,0.00,51.75
2793,18.83,0.00,51.50
2794,18.83,0.00,51.00
2795,18.83,0.00,50.25
2796,18.82,0.00,66.67
2797,18.82,0.00,50.50
2798,18.82,0.00,41.00
2799,18.82,0.00,40.20
2800,18.82,0.00,41.00
2801,18.82,0.00,34.50
2802,18.82,0.00,30.00
2803,18.82,0.00,26.50
2804,18.82,0.00,30.71
2805,18.82,0.00,30.86
2806,18.81,0.00,35.33
2807,18.81,0.00,30.57
2808,18.80,0.00,35.33
2809,18.79,0.00,35.17
2810,18.78,0.00,41.80
2811,18.78,0.00,35.33
2812,18.78,0.00,41.80
2813,18.77,0.00,52.00
2814,18.76,0.00,51.50
2815,18.76,0.00,50.75
2816,18.76,0.00,51.75
2817,18.76,0.00,41.60
2818,18.76,0.00,35.17
2819,18.76,0.00,30.29
2820,18.76,0.00,29.71
2821,18.76,0.00,30.00
2822,18.75,0.00,34.50
2823,18.75,0.00,34.17
2824,18.75,0.00,34.33
2825,18.74,0.00,40.80
2826,18.73,0.00,50.75
2827,18.73,0.00,51.50
2828,18.73,0.00,50.75
2829,18.73,0.00,41.00
2830,18.73,0.00,40.20
2831,18.73,0.00,49.50
2832,18.73,0.00,50.00
2833,18.73,0.00,49.50
2834,18.72,0.00,65.33
2835,18.72,0.00,64.00
2836,18.73,0.00,63.00
2837,18.73,0.00,48.25
2838,18.73,0.00,47.75
2839,18.73,0.00,38.40
2840,18.73,0.00,32.67
2841,18.73,0.00,28.29
2842,18.72,0.00,32.67
2843,18.72,0.00,28.43
2844,18.72,0.00,32.50
2845,18.72,0.00,33.00
2846,18.72,0.00,32.33
2847,18.71,0.00,38.20
2848,18.72,0.00,37.40
2849,18.71,0.00,46.50
2850,18.72,0.00,45.75
2851,18.72,0.00,60.33
2852,18.72,0.00,61.00
2853,18.72,0.00,46.25
2854,18.72,0.00,60.67
2855,18.71,0.00,90.50
2856,18.71,0.00,91.50
2857,18.72,0.00,91.00
2858,18.72,0.00,62.00
2859,18.72,0.00,47.50
2860,18.71,0.00,47.25
2861,18.71,0.00,47.50
2862,18.71,0.00,38.40
2863,18.71,0.00,32.50
2864,18.71,0.00,32.83
2865,18.71,0.00,38.60
2866,18.71,0.00,32.50
2867,18.71,0.00,33.17
2868,18.71,0.00,39.20
2869,18.71,0.00,39.80
2870,18.70,0.00,49.25
2871,18.69,0.00,65.00
2872,18.69,0.00,49.00
2873,18.69,0.00,39.40
2874,18.70,0.00,38.80
2875,18.70,0.00,39.60
2876,18.70,0.00,49.00
2877,18.70,0.00,48.25
2878,18.71,0.00,47.50
2879,18.71,0.00,47.00
2880,18.72,0.00,46.50
2881,18.72,0.00,45.50
2882,18.72,0.00,60.33
2883,18.72,0.00,89.50
2884,18.72,0.00,60.00
2885,18.73,0.00,58.67
2886,18.72,0.00,87.50
2887,18.72,0.00,58.67
2888,18.73,0.00,58.00
2889,18.73,0.00,43.75
2890,18.72,0.00,58.00
2891,18.73,0.00,57.33
2892,18.73,0.00,44.00
2893,18.73,0.00,35.60
2894,18.74,0.00,35.00
2895,18.74,0.00,29.50
2896,18.74,0.00,25.86
2897,18.73,0.00,29.83
2898,18.73,0.00,25.86
2899,18.73,0.00,23.00
2900,18.72,0.00,22.88
2901,18.72,0.00,23.12
2902,18.72,0.00,22.88
2903,18.72,0.00,26.43
2904,18.72,0.00,30.50
2905,18.73,0.00,29.83
2906,18.73,0.00,29.50
2907,18.73,0.00,25.71
2908,18.73,0.00,26.29
2909,18.73,0.00,26.86
2910,18.73,0.00,26.57
2911,18.73,0.00,23.75
2912,18.73,0.00,21.33
2913,18.72,0.00,23.62
2914,18.72,0.00,21.22
2915,18.72,0.00,23.38
2916,18.72,0.00,21.11
2917,18.72,0.00,23.38
2918,18.71,0.00,26.43
2919,18.72,0.00,25.86
2920,18.72,0.00,26.43
2921,18.71,0.00,30.67
2922,18.72,0.00,36.20
2923,18.72,0.00,36.40
2924,18.71,0.00,36.20
2925,18.71,0.00,45.75
2926,18.71,0.00,37.00
2927,18.71,0.00,31.33
2928,18.70,0.00,31.17
2929,18.70,0.00,37.20
2930,18.69,0.00,45.75
2931,18.70,0.00,44.75
2932,18.70,0.00,45.75
2933,18.70,0.00,45.25
2934,18.70,0.00,36.80
2935,18.70,0.00,45.75
2936,18.70,0.00,37.00
2937,18.70,0.00,31.00
2938,18.70,0.00,36.60
2939,18.69,0.00,45.50
2940,18.70,0.00,59.67
2941,18.70,0.00,45.50
2942,18.71,0.00,44.50
2943,18.70,0.00,58.33
2944,18.71,0.00,57.33
2945,18.71,0.00,43.25
2946,18.71,0.00,35.20
2947,18.71,0.00,29.83
2948,18.70,0.00,35.60
2949,18.70,0.00,30.17
2950,18.70,0.00,30.67
2951,18.70,0.00,30.00
2952,18.70,0.00,26.00
2953,18.70,0.00,31.00
2954,18.70,0.00,27.00
2955,18.70,0.00,23.88
2956,18.70,0.00,21.33
2957,18.69,0.00,23.88
2958,18.69,0.00,21.44
2959,18.70,0.00,21.00
2960,18.70,0.00,24.00
2961,18.70,0.00,21.56
2962,18.70,0.00,22.00
2963,18.70,0.00,22.11
2964,18.69,0.00,22.00
2965,18.69,0.00,21.89
2966,18.69,0.00,21.56
2967,18.69,0.00,19.50
2968,18.69,0.00,19.80
2969,18.69,0.00,22.44
2970,18.68,0.00,22.22
2971,18.68,0.00,22.00
2972,18.68,0.00,22.33
2973,18.68,0.00,20.50
